"* Required Fields","* አስፈላጊ መስኮች"
"A new password was sent","አዲስ የይለፍ ቃል ተልኳል"
"Account Dashboard","የመለያ ዳሽቦርድ"
"Account Information","የመለያ መረጃ"
"Account Sharing Options","የመለያ ማጋራት አማራጮች"
"Account information was successfully saved","የመለያ መረጃ በተሳካ ሁኔታ ተቀምጧል"
"Action","ተግባር"
"Add New Address","አዲስ አድራሻ አክል"
"Add New Customer","አዲስ ደንበኛ አክል"
"Add New Customer Group","አዲስ የደንበኛ ቡድን አክል"
"Added From","የታከለው"
"Additional Address Entries","ተጨማሪ የአድራሻ ግቤቶች"
"Address","አድራሻ"
"Address Book","የአድራሻ ደብተር"
"Address Information","የአድራሻ መረጃ"
"Addresses","አድራሻዎች"
"Admin","አስተዳዳሪ"
"All","ሁሉም"
"All Store Views","ሁሉም የሱቅ እይታዎች"
"All countries","ሁሉም አገሮች"
"Always optional","ሁልጊዜ አማራጭ"
"Amount","መጠን"
"Approved","ጸድቋል"
"Are you sure that you want to remove this item?","እርግጠኛ ነዎት ይህን ንጥል መሰረዝ ይፈልጋሉ?"
"Are you sure you want to cancel adding of this address?","እርግጠኛ ነዎት ይህን አድራሻ የማከል ሂደት መሰረዝ ይፈልጋሉ?"
"Are you sure you want to delete this address?","እርግጠኛ ነዎት ይህን አድራሻ መሰረዝ ይፈልጋሉ?"
"Are you sure?","እርግጠኛ ነዎት?"
"Array of Entity collections is expected","ሰልፍ ወይም የአካል ስብስቦች ይጠበቃሉ"
"Assign a customer group","የደንበኛ ቡድን መድብ"
"Average Sale","አማካይ ሽያጭ"
"Back","ተመለስ"
"Back to Login","ወደ መግቢያ ተመለስ"
"Bad request.","መጥፎ ጥያቄ።"
"Bill to Name","በስም ክፍያ ጠይቅ"
"Billing Information","የክፍያ አድራሻ"
"Bought From","የተገዛው ከ"
"By creating an account with our store, you will be able to move through the checkout process faster, store multiple shipping addresses, view and track your orders in your account and more.","በእኛ ሱቅ ውስጥ መለያ በመፍጠር፣ ከፍሎ በመውጫ ሂደቱ ውስጥ በፍጥነት መንቀሳቀስ፣ ብዙ የማጓጓዣ አድራሻዎችን ማስቀመጥ፣ በመለያ ውስጥ ትእዛዞችዎን ማየት እና መከታተል እና ተጨማሪ ማድረግ ይችላሉ።"
"CSV","CSV"
"Can't save address","አድራሻ ማስቀመጥ አልተቻለም"
"Can't save customer","ደንበኛ ማስቀመጥ አልተቻለም"
"Can't share customer accounts global. Because some customer accounts with same emails exist on multiple websites and cannot be merged.","የደንበኛ መለያዎችን ሁሉአቀፍ ማጋራት አይቻልም። ምክንያቱም የአንዳንድ ደንበኛ መለያዎች በብዙ የድር ጣቢያዎች ላይ  ተመሳሳይ ኢሜይሎች ያሏቸው አሉ እና ሊዋሃዱ አይችሉም።"
"Cancel","ይቅር"
"Change Account Password","የመለያ የይለፍ ቃል ለውጥ"
"Change Billing Address","የመክፈያ አድራሻ ለውጥ"
"Change Password","የይለፍ ቃል ለውጥ"
"Change Shipping Address","የማጓጓዣ አድራሻ ለውጥ"
"City","ከተማ"
"Company","ኩባንያ"
"Config","ውቅር"
"Confirm New Password","አዲስ የይለፍ ቃል ያረጋግጡ"
"Confirm Password","የይለፍ ቃል ያረጋግጡ"
"Confirmation Link Email","የማረጋገጫ አገናኝ ኢሜይል"
"Confirmed","ተረጋግጧል"
"Contact Information","የእውቂያ መረጃ"
"Continue Shopping","ጊዢ ቀጥል"
"Country","አገር"
"Create","ፍጠር"
"Create New Account Options","አዲስ የመለያ አማራጮች ፍጠር"
"Create New Customer Account","አዲስ የደንበኛ መለያ ፍጠር"
"Create Order","ትእዛዝ ፍጠር"
"Create an Account","መለያ ፍጠር"
"Create customer","ደንበኛ ፍጠር"
"Create customer address","የደንበኛ አድራሻ ፍጠር"
"Current Password","የአሁኑ የይለፍ ቃል"
"Customer","ደንበኛ"
"Customer Addresses","የደንበኛ አድራሻ"
"Customer Api","የደንበኛ Api"
"Customer Configuration","የደንበኛ ውቅረት"
"Customer Group","የደንበኛ ቡድን"
"Customer Group was successfully deleted","የደንበኛ ቡድን በተሳካ ሁኔታ ተሰርዟል"
"Customer Group was successfully saved","የደንበኛ ቡድን በተሳካ ሁኔታ ተቀምጧል"
"Customer Groups","የደንበኛ ቡድኖች"
"Customer Information","የደንበኛ መረጃ"
"Customer Login","የደንበኛ መግቢያ"
"Customer Since","ደንበኛ ከዚህ ጀምሮ"
"Customer View","የደንበኛ እይታ"
"Customer collection expected","የደንበኛ ስብስብ ይጠበቃል"
"Customer doesn't have primary billing address","ደንበኛ ዋና የመክፈያ አድራሻ የለውም"
"Customer email already exists","የደንበኛ ኢሜይል አስቀድሞ አለ"
"Customer website id must be specified, when using website scope.","የድር ጣቢያ ሽፋን በሚጠቀምበት ጊዜ፣ የደንበኛው የድር ጣቢያ መታወቂያ መጠቀስ አለበት።"
"Customers","ደንበኞች"
"Customers Only","ደንበኞች ብቻ"
"Customers Section","የደንበኞች ክፍል"
"DD","ቀቀ"
"Date","ቀን"
"Date Added","ቀን ታክሏል"
"Date of Birth","የትውልድ ቀን"
"Date of Birth is required.","የትውልድ ቀን አስፈላጊ ነው።"
"Day","ቀን"
"Days in Wishlist","በምኞት ዝርዝር ውስጥ ያሉ ቀናት"
"Default Addresses","ነባሪ አድራሻዎች"
"Default Billing Address","ነባሪ የክፍያ አድራሻ "
"Default Email Domain","ነባሪ የኢሜይል ጎራ"
"Default Group","ነባሪ ቡድን"
"Default Shipping Address","ነባሪ የማጓጓዣ አድራሻ"
"Default Welcome Email","ነባሪ የእንኳን ደህና መጡ ኢሜይል"
"Delete","ሰርዝ"
"Delete Address","አድራሻ ሰርዝ"
"Delete Customer","ደንበኛ ሰርዝ"
"Delete Customer Group","የደንበኛ ቡድን ሰርዝ"
"Delete customer","ደንበኛ ሰርዝ"
"Delete customer address","የደንበኛ አድራሻ  ሰርዝ"
"Deleted Stores","ሱቆች ሰርዝ"
"Details","ዝርዝሮች"
"Disabled","ተሰናክሏል"
"Edit","አርትእ"
"Edit Account Info","የመለያ መረጃ አርትእ"
"Edit Account Information","የመለያ መረጃ አርትእ"
"Edit Address","አድራሻ አርትእ"
"Edit Address Entry","የአድራሻ ግቤት አርትእ"
"Edit Customer Group ""%s""","የደንበኛ ቡድን «%s» አርትእ"
"Edit Customer Groups","የደንበኛ ቡድኖች አርትእ"
"Edit Customer's Address","የደንበኛውን አድራሻ አርትእ"
"Edit Group","ቡድን አርትእ"
"Edit Newsletter Subscription","የዜና መጽሄት ምዝገባ አርትእ"
"Edit Newsletters","የዜና መጽሄቶች አርትእ"
"Edit Personal Information","የግል መረጃ አርትእ"
"Email","ኢሜይል"
"Email Address","ኢሜይል አድራሻ"
"Email Sender","ኢሜይል ላኪ"
"Entity collection is expected","የአካል ስብስብ ይጠበቃል"
"Error during retrieval of option value: %s","የአማራጭ እሴት ፈልጎ በማውጣት ላይ ስህተት፦ %s"
"Ext. Price","የሚጨመር ዋጋ"
"Failed to confirm customer account.","የደንበኛ መለያ ማረጋገጥ አልተሳካም።"
"Fax","ፋክስ"
"First Name","የመጀመሪያ ስም"
"First name can't be empty","የመጀመሪያ ስም ባዶ መሆን አይችልም"
"Forgot Email Sender","የኢሜይል ላኪውን ረሱት"
"Forgot Email Template","የኢሜይል  አብነቱን ረሱት"
"Forgot Your Password?","የይለፍ ቃልዎን ረሱት?"
"From your My Account Dashboard you have the ability to view a snapshot of your recent account activity and update your account information. Select a link below to view or edit information.","ከእርስዎ «የእኔ መለያ ዳሽቦርድ»፣ የመለያዎን የቅርብ ጊዜ እንቅስቃሴ ቅንጭብ እይታ ማየት እና የመለያዎን መረጃ ማዘመን ይችላሉ። መረጃውን ለማየት ወይም ለማርተዕ ከታች አንዱን አገናኝ ይምረጡ።"
"General Subscription","አጠቃላይ ምዝገባ"
"Global","ሁሉአቀፍ"
"Go to Address Book","ወደ አድራሻ ደብተር ሂድ"
"Grand Total","ጠቅላላ ድምር"
"Grand Total: %s","ጠቅላላ ድምር፦ %s"
"Group","ቡድን"
"Group ""%s"" can not be deleted","ቡድን «%s» ሊሰረዝ አልቻለም"
"Group Information","የቡድን መረጃ"
"Group Name","የቡድን ስም"
"Guest","እንግዳ"
"HTML","HTML"
"Hello, %s!","እንደምን አሉ፣ %s!"
"ID","መታወቂያ"
"IP Address","አይፒ አድራሻ"
"If you have an account with us, please log in.","እኛ ጋር መለያ ካለዎት እባክዎ ይግቡ።"
"Invalid attribute option specified for attribute %s (%s), skipping the record","ልክ ያልሆነ የአይነታ አማራጭ ለአይነታ %s (%s) ተጠቅሷል፣  መዝገቡን በመዝለል ላይ"
"Invalid attribute set specified, skipping the record","ልክ ያልሆነ የአይነታ ስብስብ ተጠቅሷል፣ መዝገቡን በመዝለል ላይ"
"Invalid current password","ልክ ያልሆነ የአሁን የይለፍ ቃል"
"Invalid customer data","ልክ ያልሆነ የደንበኛ ውሂብ"
"Invalid email address","ልክ ያልሆነ የኢሜይል አድራሻ"
"Invalid email address ""%s""","ልክ ያልሆነ ኢሜይል አድራሻ «%s»"
"Invalid login or password.","ልክ ያልሆነ መግቢያ ወይም የይለፍ ቃል።"
"Invalid option id specified for %s (%s), skipping the record","ልክ ያልሆነ የአማራጭ መታወቂያ ለ%s (%s) ተጠቅሷል፣  መዝገቡን በመዝለል ላይ"
"Invalid store specified, skipping the record","ልክ ያልሆነ ሱቅ ተጠቅሷል፣ መዝገቡን በመዝለል ላይ"
"Items Order","የንጥሎች ትእዛዝ"
"Last 5 Orders","ያለፉት 5 ትእዛዞች"
"Last Activity","የመጨረሻ እንቅስቃሴ"
"Last Name","የአያት ስም"
"Last Url","የመጨረሻ ዩአርኤል"
"Last Viewed Items","በመጨረሻ የታዩ ንጥሎች"
"Last date subscribed","ለደንበኝነት የተመዘገበበት የመጨረሻ ቀን"
"Last date unsubscribed","ከደንበኝነት የወጣበት የመጨረሻ ቀን"
"Last name can't be empty","የአያት ስም ባዶ መሆን አይችልም"
"Leave empty for default (15 minutes).","ለነባሪ (15 ደቂቃዎች) ባዶ ተው።"
"Leave empty for default (2). Valid range: 1-4","ለነባሪ (2) ባዶ ተው። ልክ የሆነ ክልል፦ 1-4"
"Lifetime Sales","የዕድሜ ልክ ሽያጮች"
"Log In","ይግቡ"
"Log Out","ዘግተህ ውጣ"
"Log in or Create an Account","ይግቡ ወይም መለያ ይፍጠሩ"
"Login","ይግቡ"
"Login Information","የመለያ መረጃ"
"Login and password are required","መግቢያ እና የይለፍ ቃል አስፈላጊ ነው"
"Login or Create an Account","ይግቡ ወይም መለያ ይፍጠሩ"
"M.I.","M.I."
"MM","ወወ"
"Manage Addresses","አድራሻዎች አቀናብር"
"Manage Customers","ቡድኖች አቀናብር"
"Missing email, skipping the record","ኢሜይል ታጥቷል፣ መዝገቡን በመዝለል ላይ"
"Missing firstname, skipping the record","የመጀመሪያ ስም ታጥቷል፣ መዝገቡን በመዝለል ላይ"
"Missing lastname, skipping the record","የአያት ስም ታጥቷል፣ መዝገቡን በመዝለል ላይ"
"Month","ወር"
"My Account","የኔ መለያ"
"My Account Dashboard","የእኔ መለያ ዳሽቦርድ"
"My Dashboard","የእኔ ዳሽቦርድ"
"My Orders","የእኔ ትእዛዞች"
"My Reviews","የእኔ ግምገማዎች"
"My Tags","የእኔ የተሰጡ መለያዎች"
"My Wishlist","የእኔ የምኞት ዝርዝር"
"Name","ስም"
"Name and Address Options","የስም እና አድራሻ አማራጮች"
"Never","በጭራሽ"
"New Address","አዲስ አድራሻ"
"New Address Entry","አዲስ የአድራሻ ግቤት"
"New Customer","አዲስ ደንበኛ"
"New Customer Address","አዲስ የደንበኛ አድራሻ"
"New Customer Group","አዲስ የደንበኛ ቡድን "
"New Customer Groups","አዲስ የደንበኛ ቡድኖች"
"New Customers","አዲስ ደንበኞች"
"New Group","አዲስ ቡድን"
"New Password","አዲስ የይለፍ ቃል"
"New account","አዲስ መለያ"
"New account confirmation key","የአዲስ መለያ ማረጋገጫ ቁልፍ"
"New account confirmed","አዲስ መለያ ተረጋግጧል"
"New password","አዲስ የይለፍ ቃል"
"Newsletter","የዜና መጽሄት"
"Newsletter Finish","የዜና መጽሄት መጨረሻ"
"Newsletter Information","የዜና መጽሄት መረጃ"
"Newsletter Received","የዜና መጽሄት ደርሷል"
"Newsletter Start","የዜና መጽሄት መጀመሪያ"
"Newsletter Subscription","የዜና መጽሄት ምዝገባ"
"Newsletters","የዜና መጽሄቶች"
"No Items Found","ምንም ንጥሎች አልተገኙም"
"No Newsletter Found","ምንም የዜና መጽሄት አልተገኘም"
"No item specified.","ምንም ንጥል አልተጠቀሰም።"
"No product collections found","ምንም የምርት ስብስቦች አልተገኙም"
"Not Sent","አልተላከም"
"Not confirmed, can login","አልተረጋገጠም፣ መግባት ይቻላል"
"Not confirmed, cannot login","አልተረጋገጠም፣ መግባት አይቻልም"
"Number of lines in a street address ","በመንገድ አድራሻ ውስጥ ያሉ የመስመሮች ብዛት  "
"Offline","ከመስመር ውጪ"
"Online","በመስመር ላይ"
"Online Customers","የመስመር ላይ ደንበኞች"
"Online Customers Options","የመስመር ላይ ደንበኞች አማራጮች"
"Online Minutes Interval","የመስመር ላይ ደቂቃዎች ክፍተት"
"Order #","ትእዛዝ #"
"Order #%s (%s)","ትእዛዝ #%s (%s)"
"Order List...","የትእዛዝ ዝርዝር"
"Order Total","አጠቃላይ ትእዛዝ"
"Orders","ትእዛዞች"
"PDF","PDF"
"Password","የይለፍ ቃል"
"Password Management","የይለፍ ቃል ማቀናበር"
"Password Options","የይለፍ ቃል አማራጮች"
"Password can't be empty","የይለፍ ቃል ባዶ መሆን አይችልም"
"Password fields can't be empty.","የይለፍ ቃል መስኮች ባዶ መሆን አይችሉም።"
"Password forgotten","የይለፍ ቃል ተረስቷል"
"Password minimal length must be more %s","የይለፍ ቃላት ትንሹ ርዝመት አብዛኛውን %s መሆን አለበት"
"Password must have at least 6 characters. Leading or trailing spaces will be ignored.","የይለፍ ቃል ቢያንስ 6 ቁምፊዎችን መያዝ አለበት። ቀዳሚ ወይም ተከታይ ክፍት ቦታዎች ይተዋሉ።"
"Paused","ላፍታ ቆሟል"
"Payment Method","የክፍያ ዘዴ"
"Pending","በመጠባበቅ ላይ"
"Per Website","በድር ጣቢያ"
"Personal Information","የግል መረጃ"
"Please enter your email below and we'll send you a new password.","እባክዎ ከታች ኢሜይልዎን ያስገቡና አዲስ የይለፍ ቃል እንልክልዎታለን።"
"Please enter your email below and we'll send you confirmation link for it.","እባክዎ ከታች ኢሜይልዎን ያስገቡና የማረጋገጫ አገናኝ እንልክልዎታለን።"
"Please enter your email.","እባክዎ ኢሜይልዎን ያስገቡ።"
"Please make sure your passwords match.","እባክዎ የይለፍ ቃላትዎ ተዘማጅ መሆናቸውን እርግጠኛ ይሁኑ።"
"Please select","እባክዎ ይምረጡ"
"Please select region, state or province","እባክዎ ክልል ወይም ዞን ይምረጡ"
"Please, check your e-mail for confirmation key.","እባክዎ፣ ለማረጋገጫ ቁልፍ ኢሜይልዎን ይመልከቱ።"
"Prefix","ቅድመ ቅጥያ"
"Prefix dropdown options","የቅድመ ቅጥያ የተቆልቋይ አማራጮች "
"Price","ዋጋ"
"Primary Billing Address","የመጀመሪያ የክፍያ አድራሻ"
"Primary Shipping Address","የመጀመሪያ የማጓጓዣ አድራሻ"
"Problem saving the collection, aborting. Error: %s","ስብስቡን የማስቀመጥ ችግር፣ በማቋረጥ ላይ። ስህተት፦ %s"
"Product","ምርት"
"Product ID","የምርት መታወቂያ"
"Product Name","የምርት ስም"
"Product Reviews","የምርት ግምገማዎች"
"Product Tags","የምርት መለያዎች"
"Product name","የምርት ስም"
"Purchase On","በዚህ የተገዛ"
"Purchased at","የተገዛው በ"
"Qty","ብዛት"
"Recent Orders","የቅርብ ጊዜ ትእዛዞች"
"Records for ""","መዝገቦች ለ«"
"Refunded","ተመላሽ የተደረገ ገንዘብ"
"Registered Customers","የተመዘገቡ ደንበኞች"
"Remove","አስወግድ"
"Require Emails Confirmation","የኢሜይሎች ማረጋገጫ ያስፈልጋል"
"Retrieve address data","የአድራሻ ውሂብ ፈልገህ አውጣ"
"Retrieve address info","የአድራሻ መረጃ ፈልገህ አውጣ"
"Retrieve customer addresses","የደንበኛ አድራሻዎች ፈልገህ አውጣ"
"Retrieve customer data","የደንበኛ ውሂብ ፈልገህ አውጣ"
"Retrieve customer's groups","የደንበኛ ቡድኖች ፈልገህ አውጣ"
"Retrieve customers","ደንበኞች ፈልገህ አውጣ"
"Retrieve customers info","የደንበኞች መረጃ ፈልገህ አውጣ"
"Retrieve your confirmation link here","የማረጋጋጫዎን አገናኝ እዚህ ፈልገው ያውጡ"
"Retrieve your password here","የይለፍ ቃልዎን እዚህ ፈልገው ያውጡ"
"SKU","SKU"
"Sales Statistics","የሽያጮች ስታትስቲክስ"
"Save","አስቀምጥ"
"Save Address","አድራሻ አስቀምጥ"
"Save And Continue Edit","አስቀምጥ እና አርትኦት ቀጥል"
"Save Customer","ደንበኛ አስቀምጥ"
"Save Customer Group","የደንበኛ ቡድን አስቀምጥ"
"Save Password","የይለፍ ቃል አስቀምጥ"
"Saved ","ተቀምጧል"
"Semicolon (;) separated values.<br/>Put semicolon in the beginning for empty first option.<br/>Leave empty for open text field.","በሰሚኮለን (;) የተለያዩ እሴቶች።<br/>ለባዶ የመጀመሪያ አማራጭ መጀመሪያ ላይ ሰሚኮለን አድርግ<br/>ለክፍት የጽሁፍ መስክ ባዶ ተው።"
"Send Welcome Email after Confirmation","ከማረጋገጫ በኋላ የእንኳን ደህና መጡ ኢሜይል ላክ"
"Send auto-generated password","በራስ-ሰር-የመነጨ የይለፍ ቃል ላክ"
"Send confirmation link","የማረጋገጫ ኢሜይል አገናኝ ላክ"
"Send welcome email","የእንኳን ደህና መጡ ኢሜይል ላክ "
"Sending","በመላክ ላይ"
"Sent","ተልኳል"
"Session Start Time","ክፍለጊዜ የሚጀምርበት ሰዓት"
"Set as Default Billing Address","እንደ ነባሪ የመክፈያ አድራሻ አዘጋጅ"
"Set as Default Shipping Address","እንደ ነባሪ የማጓጓዣ አድራሻ አዘጋጅ"
"Share Customer Accounts","የድንበኛ መለያዎች አጋራ"
"Ship to First name","በመጀመሪያ ስም አጓጓዝ"
"Ship to Last name","በአያት ስም አጓጓዝ"
"Shipped to First Name","በመጀመሪያ ስም ተጓጉዟል"
"Shipped to Last Name","በአያት ስም ተጓጉዟል"
"Shipped to Name","በስም ተጓጉዟል"
"Shipping Information","የማጓጓዣ መረጃ"
"Shipping Method","የማጓጓዣ ዘዴ"
"Shopping Cart","የግዢ ጋሪ"
"Shopping Cart - %d item(s)","የግዢ ጋሪ - %d ንጥል(ሎች)"
"Show Tax/VAT number","የቀረጥ/ተ.እ.ታ ቁጥር አሳይ"
"Show date of birth","የትውልድ ቀን አሳይ"
"Show middle name (initial)","የአባት ስም (መነሻ ፊደል) አሳይ"
"Show prefix","ቅድመ ቅጥያ አሳይ"
"Show suffix","ድህረ ቅጥያ አሳይ"
"Sign Up for Newsletter","ለዜና መጽሄት ይመዝገቡ"
"Sign up for our newsletter","ለዜና መጽሄታችን ይመዝገቡ"
"Skip import row, required field ""%s"" not defined","ማስመጣትን ዝለል፣ አስፈላጊ መስክ «%s» አልተገለጸም"
"Skip import row, website ""%s"" field not exists","ማስመጣትን ዝለል፣ የድር ጣቢያ «%s» መስክ የለም"
"State/Province","ክልል/ዞን"
"Status","ሁኔታ"
"Store","ሱቅ"
"Store View","የሱቅ እይታ"
"Street Address","የመንገድ አድራሻ"
"Street Address ","የመንገድ አድራሻ"
"Subject","ርዕሰ ጉዳይ"
"Submit","አስገባ"
"Subscribe","ለደንበኝነት ተመዝገብ"
"Subscribe to newsletter","ለዜና መጽሄት ይመዝገቡ"
"Subscribed to Newsletter?","ለዜና መጽሄት ተመዝግበዋል?"
"Suffix","ድህረ ቅጥያ"
"Suffix dropdown options","የድህረ ቅጥያ የተቆልቋይ አማራጮች"
"TAX/VAT number is required.","የቀረጥ/ተ.እ.ታ ቁጥር ያስፈልጋል።"
"Tag Name","የመለያ ስም"
"Tax Class","የቀረጥ መደብ"
"Tax class","የቀረጥ መደብ"
"Tax/VAT number","የቀረጥ/ተ.እ.ታ ቁጥር"
"Telephone","ስልክ"
"Text","ጽሁፍ"
"Text One Line","አንድ መስመር ይጻፉ"
"Thank you for registering with %s","ለ%s ስለተመዘገቡ እናመሰግናለን"
"The address does not belong to this customer","አድራሻው የዚህ ደንበኛ አይደለም"
"The address was successfully deleted","አድራሻው በተሳካ ሁኔታ ተሰርዟል"
"The address was successfully saved","አድራሻው በተሳካ ሁኔታ ተቀምጧል"
"The suffix that goes after name (Jr., Sr., etc.)","ከስም በኋላ የሚገባ ድህረ ቅጥያ (Jr.፣ Sr.፣ ወዘተ)"
"The title that goes before name (Mr., Mrs., etc.)","ከስም በፊት የሚገባ ርዕስ  (አቶ፣ ወ/ሮ፣ ወዘተ)"
"There are no items in customer's wishlist at the moment","ለጊዜው በደንበኛው የምኞት ዝርዝር ውስጥ ምንም ንጥሎች የሉም "
"There are no items in customer's shopping cart at the moment","ለጊዜው በደንበኛው የግዢ ጋሪ ውስጥ ምንም ንጥሎች የሉም"
"There was an error while deleting the address","አድራሻ በመሰረዝ ላይ ስህተት ነበር"
"This Email will be sent instead of Default Welcome Email, after Account Confirmation.","በነባሪው የእንኳን ደህና መጡ ኢሜይል ምትክ ይህ ኢሜይል ይላካል፣ ከመለያ ማረጋገጫ በኋላ። "
"This account is not confirmed.","ይህ መለያ አልተረጋገጠም።"
"This customer has no saved addresses.","ደንበኛው አድራሻዎችን አላስቀመጠም።"
"This e-mail does not require confirmation.","ይህ ኢሜይል ማረጋገጫ አያስፈልገውም።"
"This email address was not found in our records","ይህ ኢሜይል አድራሻ በመዝገባችን ውስጥ አልተገኘም"
"This is My Primary %s Address","ይህ ዋናው %s አድራሻዬ ነው"
"To Cart","ወደ ጋሪ"
"Total","ጠቅላላ"
"Type","አይነት"
"Unknown","የማይታወቅ"
"Unsubscribe from newsletter","ከዜና መጽሄት ምዝገባ ውጣ"
"Update","አዘምን"
"Update customer address data","የደንበኛ አድራሻ ውሂብ አዘምን"
"Update customer data","የደንበኛ ውሂብ አዘምን"
"Use as My Primary %s Address","እንደ ዋና %s አድራሻዬ ተጠቀም"
"Use as my default billing address","እንደ ነባሪ የመክፈያ አድራሻዬ ተጠቀም"
"Use as my default shipping address","እንደ ነባሪ የማጓጓዣ አድራሻዬ ተጠቀም"
"User description","የተጠቃሚ መግለጫ"
"View","አሳይ"
"View Order","የትእዛዝ እይታ "
"View Order List","የትእዛዝ ዝርዝር አሳይ"
"Visible In","የሚታየው"
"Visitor","ጎብኚ"
"Visitors Only","ጎብኚዎች ብቻ"
"Website","ድር ጣቢያ"
"Welcome Email","የእንኳን ደህና መጡ ኢሜይል"
"Wishlist","የምኞት ዝርዝር"
"Wishlist - %d item(s)","የምኞት ዝርዝር - %d ንጥል(ሎች)"
"Wrong confirmation key.","የተሳሳተ የማረጋገጫ ቁልፍ።"
"Wrong customer account specified.","የተሳሳተ የደንበኛ መለያ ተጠቅሷል።"
"Wrong email.","የተሳሳተ ኢሜይል።"
"Wrong region id by selected country","በተመረጠው አገር የተሳሳተ የክልል መታወቂያ "
"Wrong transactional account email type.","የተሳሳተ የዝውውር መለያ ኢሜይል አይነት።"
"XML","XML"
"YYYY","ዓዓዓዓ "
"Year","ዓመት"
"You are currently not subscribed to any newsletter.","በአሁን ጊዜ ለምንም አይነት የዜና መጽሄት በደንበኝነት አልተመዘገቡም።"
"You are currently not subscribed to our newsletter","በአሁን ጊዜ ለዜና መጽሄታችን በደንበኝነት አልተመዘገቡም።"
"You are currently subscribed to 'General Subscription'.","በአሁን ጊዜ «ለአጠቃላይ ምዝገባ» ተመዝግበዋል።"
"You are currently subscribed to our newsletter","በአሁን ጊዜ ለዜና መጽሄታችን በደንበኝነት ተመዝግበዋል"
"You are currently subscribed to our newsletter.","በአሁን ጊዜ ለዜና መጽሄታችን በደንበኝነት ተመዝግበዋል።"
"You have been successfully logged out and will be redirected to our homepage in 5 seconds.","በተሳካ ሁኔታ ዘግተው ወጥተዋል እና በ5 ሴኮንዶች ውስጥ ወደ መነሻ ገጻችን ይዛወራሉ።"
"You have no additional address entries in your address book.","በአድራሻ ደብተርዎት ውስጥ ተጨማሪ የአድራሻ ግቤቶች የሉዎትም።"
"You have no additional entries in your address book.","በአድራሻ ደብተርዎት ውስጥ ተጨማሪ ግቤቶች የሉዎትም።"
"You have no default billing address in your address book.","በአድራሻ ደብተርዎት ውስጥ ነባሪ የመክፈያ አድራሻ  የለዎትም።"
"You have no default shipping address in your address book.","በአድራሻ ደብተርዎት ውስጥ ነባሪ የማጓጓዣ አድራሻ  የለዎትም።"
"You have no primary entries in your address book.","በአድራሻ ደብተርዎት ውስጥ ዋና ግቤቶች የሉዎትም።"
"You have not set a primary billing address.","ዋና የመክፈያ አድራሻ አላስገቡም።"
"You have not set a primary shipping address.","ዋና የማጓጓዣ አድራሻ አላስገቡም።"
"You have placed no orders yet.","ገና ምንም ትእዛዞች አላዘዙም።"
"You have placed no products yet.","ገና ምንም ምርቶች አላዘዙም።"
"You're now Logged Out","አሁን ዘግተው ወጥተዋል"
"Your account balance is: %s","ያለዎትም ሒሳብ፦ %s"
"ZIP","ዚፕ"
"ZIP/Post Code","ዚፕ/የፖስታ ኮድ"
"ZIP/Postal Code","ዚፕ/የፖስታ ኮድ"
"Zip/Postal Code","ዚፕ/የፖስታ ኮድ"
"n/a","የለም"
"or","ወይም"
"Please enter your email below and we'll send you a new password.","እባክዎ ከታች ኢሜይልዎን ያስገቡና አዲስ የይለፍ ቃል እንልክልዎታለን።"
"First name can't be empty","የመጀመሪያ ስም ባዶ መሆን አይችልም"
"Last name can't be empty","የአያት ስም ባዶ መሆን አይችልም"
"Password can't be empty","የይለፍ ቃል ባዶ መሆን አይችልም"
"My Account","የእኔ መለያ"
"Log In","ይግቡ"
"New Customers","አዲስ ደንበኞች"
"By creating an account with our store, you will be able to move through the checkout process faster, store multiple shipping addresses, view and track your orders in your account and more.","በእኛ ሱቅ ውስጥ መለያ በመፍጠር፣ ከፍሎ በመውጫ ሂደቱ ውስጥ በፍጥነት መንቀሳቀስ፣ ብዙ የማጓጓዣ አድራሻዎችን ማስቀመጥ፣ በመለያ ውስጥ ትእዛዞችዎን ማየት እና መከታተል እና ተጨማሪ ማድረግ ይችላሉ።"
"Registered Customers","የተመዘገቡ ደንበኞች"
"If you have an account with us, please log in.","እኛ ጋር መለያ ካለዎት እባክዎ ይግቡ።"
"Email Address","ኢሜይል አድራሻ"
"Password","የይለፍ ቃል"
"* Required Fields","* አስፈላጊ መስኮች"
"Forgot Your Password?","የይለፍ ቃልዎን ረሱት?"
"Retrieve your password here","የይለፍ ቃልዎን እዚህ ፈልገው ያውጡ"
"Please enter your email below and we'll send you a new password.","እባክዎ ከታች ኢሜይልዎን ያስገቡና አዲስ የይለፍ ቃል እንልክልዎታለን።"
"Back to Login","ወደ መግቢያ ተመለስ"
"Submit","አስገባ"
"My Dashboard","የእኔ ዳሽቦርድ"
"From your My Account Dashboard you have the ability to view a snapshot of your recent account activity and update your account information. Select a link below to view or edit information.","ከእርስዎ «የእኔ መለያ ዳሽቦርድ»፣ የመለያዎን የቅርብ ጊዜ እንቅስቃሴ ቅንጭብ እይታ ማየት እና የመለያዎን መረጃ ማዘመን ይችላሉ። መረጃውን ለማየት ወይም ለማርተዕ ከታች አንዱን አገናኝ ይምረጡ።"
"Contact Information","የእውቂያ መረጃ"
"Address Book","የአድራሻ ደብተር"
"Account Information","የመለያ መረጃ"
"Thank you for registering with %s","ለ%s ስለተመዘገቡ እናመሰግናለን"
"Newsletter Subscription","የዜና መጽሄት ምዝገባ"
"You have not set a default billing address.","ነባሪ የመክፈያ አድራሻ አላስገቡም።"
"You have not set a default shipping address.","ነባሪ የማጓጓዣ አድራሻ አላስገቡም።"
"Login or Create an Account","ይግቡ ወይም መለያ ይፍጠሩ"
"Personal Information","የግል መረጃ"
"Sign Up for Newsletter","ለዜና መጽሄት ይመዝገቡ"
"You are currently not subscribed to any newsletter.","በአሁን ጊዜ ለምንም አይነት የዜና መጽሄት በደንበኝነት አልተመዘገቡም።"
"Default Shipping Address","ነባሪ የማጓጓዣ አድራሻ"
"Login","ይግቡ"
"Invalid login or password.","ልክ ያልሆነ መግቢያ ወይም የይለፍ ቃል።"
"Edit Account Information","የመለያ መረጃ አርትእ"
"Log Out","ዘግተህ ውጣ"
"First Name","የመጀመሪያ ስም"
"Last Name","የአያት ስም"
