" The customer doesn't exist in the system anymore","ደንበኛው ከእንግዲህ በስርዓቱ ውስጥ አይኖርም"
" and ","እና"
"(Absolute path or Relative to Magento install root, ex. var/export)","(ለMagento መጫኛ ስርወ አቃፊ ዋና ዱካ ወይም አንጻራዊ፣  ለምሳሌ፦ var/export)"
"(For US 2-letter state names)","(ለዩ.ኤስ. ባለ 2-ፊደል የክልል ስሞች)"
"(If left empty will be auto-generated)","(ባዶ ከተተወ በራስ-ሰር ይመነጫል)"
"(Leave empty for first spreadsheet)","(ለመጀመሪያ የቀመር ሉህ ባዶ ተው)"
"(Products will be added/updated to this store if 'store' column is blank or missing in the import file.)","(የ«ሱቅ» አምድ ባዶ ከሆነ ወይም ከውጪ በሚመጣ ፋይል ውስጥ ከታጣ፣ ምርቶች ወደዚህ ሱቅ ይታከላሉ/ይዘምናሉ።)"
"(Shift-)Click or drag to change value","እሴት ለመለወጥ (Shift-)ጠቅ ያድርጉ ወይም ይጎትቱ"
"(Starting with)","(የሚጀምረው)"
"(When 'No', only mapped fields will be imported. When mapping, use 'column1', 'column2', etc.)","(«አይ» ሲሆን፣ የተጓደኑ መስኮች ብቻ ይመጣሉ። ሲጓደን፣ «መስክ1»፣ «መስክ2»፣ ወዘተ ተጠቀም)"
"(You have to increase php memory_limit before changing this value)","(ይህን እሴት ከመቀየርዎ በፊት የphp memory_limit መጨመር አለብዎት)"
"(\t for tab)","(\t ለtab)"
"* - If indexing is in progress, it will be killed and new indexing process will start","* - መረጃ መጠቆም በሂደት ላይ ከሆነ፣ እሱ ይገደል እና አዲስ መረጃ የመጠቆም ሂደት ይጀምራል"
"- Click on any of the time parts to increase it","- ለመጨመር ከሰዓት አካሎቹ አንዱን ጠቅ ያድርጉ"
"- Hold mouse button on any of the above buttons for faster selection.","- በፍጥነት ለመምረጥ ከላይ ካሉት አዝራሮች አንዱን ትጭነው ይያዙ።"
"- Use the %s buttons to select month","- ወር ለመምረጥ %s አዝራሮችን ይጠቀሙ"
"- Use the %s, %s buttons to select year","- ዓመት ለመምረጥ %s፣ %s አዝራሮችን ይጠቀሙ"
"- or Shift-click to decrease it","- ወይም ለመቀነስ Shift-ጠቅ ያድርጉ"
"- or click and drag for faster selection.","- ወይም በፍጥነት ለመምረጥ ጠቅ አድርገው ይጎትቱ።"
"-- Please Select --","-- እባክዎ ይምረጡ --"
"-- Please select --","-- እባክዎ ይምረጡ --"
"-- Please select a category --","-- እባክዎ አንድ ምድብ ይምረጡ --"
"--Please Select--","--እባክዎ ይምረጡ--"
"1 Hour","1 ሰዓት"
"12 Hours","12 ሰዓታት"
"12h AM/PM","12ሰ AM/PM"
"2 Hours","2 ሰዓታት"
"24 Hours","24 ሰዓታት"
"24h","24ሰ"
"2YTD","2YTD"
"6 Hours","6 ሰዓታት"
"<h1 class=""page-heading"">404 Error</h1><p>Page not found.</p>","<h1 class="page-heading">404 ስህተት</h1><p>ገጹ አልተገኘም።</p>"
"<h1 class=""page-heading"">Access denied</h1><p>Access denied.</p>","<h1 class="page-heading">መዳረሻ ተከልክሏል</h1><p>መዳረሻ ተከልክሏል።</p>"
"A new password was sent to your email address. Please check your email and click Back to Login.","አዲስ የይለፍ ቃል ወደ ኢሜይል አድራሻዎ ተልኳል። እባክዎ ኢሜይልዎን ይመልከቱ እና «ወደ መግቢያ ተመለስ» ላይ ጠቅ አድርግ። "
"API Stability","API ደልዳላነት"
"API Version","API ስሪት"
"API:","API፦"
"About the calendar","ስለ ቀን መቁጠሪያ"
"Access Denied.","መዳረሻ ተከልክሏል።"
"Access Deny","መዳረሻ ተከልክሏል"
"Account Created in:","መለያ የተፈጠረው፦"
"Account Created on (%s):","መለያ በ(%s) ላይ ተፈጥሯል፦"
"Account Created on:","መለያ የተፈጠረው፦"
"Account Information","የመለያ መረጃ"
"Account status","የመለያ ሁኔታ"
"Account successfully saved","መለያ በተሳክ ሁኔታ ተቀምጧል"
"Action","ተግባር"
"Actions","ተግባራት"
"Actions XML","ተግባራት XML"
"Active","ንቁ"
"Add","አክል"
"Add Contents Path","የይዘቶች ዱካ አክል"
"Add Exception","የሚለዩ አክል"
"Add Field Mapping","የመስክ ማጓደኛ አክል"
"Add Field with URL:","መስክ ከዩአራኤል ጋር አክል፦"
"Add Maintainer","ጠባቂ አክል"
"Add New Image","አዲስ ምስል አክል"
"Add New Profile","አዲስ መገለጫ አክል"
"Add New Role","አዲስ ሚና አክል"
"Add New Template","አዲስ አብነት አክል"
"Add New Urlrewrite","አዲስ ዩአርኤል ዳግም መጻፍ አክል"
"Add New User","አዲስ ተጠቃሚ አክል"
"Add New osCommerce Profile","አዲስ የንግድ መገለጫ አክል"
"Add PHP Extension dependency","የPHP ቅጥያ ጥገኝነት አክል"
"Add Package dependency","የጥቅል ጥገኝነት አክል"
"Add Subpackage dependency","የንዑስ ጥቅል ጥገኝነት አክል"
"Add Urlrewrite","ዩአርኤል ዳግም መጻፍ አክል"
"Add Urlrewrite for a Category","ለምድብ የዩአርኤል ዳግም መጻፍ አክል"
"Add Urlrewrite for a Product","ለምርት የዩአርኤል ዳግም መጻፍ አክል"
"Add after","ከዚህ በኋላ አክል"
"Add new Role","አዲስ ሚና አክል"
"Add new store view map","አዲስ የሱቅ እይታ ካርታ አክል"
"Add new website map","አዲስ የድር ጣቢያ ካርታ አክል"
"Address Type:","የአድራሻ አይነት፦"
"Admin","አስተዳዳሪ"
"Advanced Admin Section","የላቀ የአስተዳዳሪ ክፍል"
"Advanced Profiles","የላቁ መገለጫዎች"
"Advanced Section","የላቀ ክፍል"
"Aggregate Order","የትእዛዝ አጠቃላይ ድምር"
"All","ሁሉም"
"All Allowed Countries","ሁሉም የተፈቀደላቸው አገሮች"
"All Cache","ሁሉም የተሸጎጡ"
"All Files","ሁሉም ፋይሎች	"
"All Store Views","ሁሉም የሱቅ እይታዎች"
"All Tags","ሁሉም የተሰጡ መለያዎች"
"All Websites","ሁሉም ድረ-ገጾች"
"All countries","ሁሉም አገሮች"
"All fields","ሁሉም መስኮች"
"All possible rates were fetched, click on ""Save"" to apply","ሁሉም ሊሆኑ የሚችሉ ተመኖች ተገኝተዋል፣ «አስቀምጥ» ላይ ጠቅ ያድርጉ"
"All rates were fetched, click on ""Save"" to apply","ሁሉም ተመኖች ተገኝተዋል፣ «አስቀምጥ» ላይ ጠቅ ያድርጉ"
"All valid rates successfully saved","ሁሉም ልክ ይሆኑ ተመኖች በተሳካ ሁኔታ ተቀምጠዋል"
"Amounts","መጠኖች"
"Any","ማንኛውም"
"Any Attribute Set","ማንኛውም የአይነታ ስብስብ"
"Any Group","ማንኛውም ቡድን"
"Any Status","ማንኛውም ሁኔታ"
"Any Store","ማንኛውም ሱቅ"
"Any Type","ማንኛውም አይነት"
"Any Visibility","ማንኛውም ታይነት "
"Api Key","Api ቁልፍ "
"Api Key Confirmation","Api ቁልፍ ማረጋገጫ"
"Archive file name:","የፋይል ስም በማህደር ያዝ፦"
"Are you sure that you want to delete this template?","እርግጠኛ ነዎት ይህን አብነት መሰረዝ ይፈልጋሉ?"
"Are you sure that you want to strip tags?","እርግጠኛ ነዎት የተሰጡትን መለያዎች ማንሳት ይፈልጋሉ?"
"Are you sure you want to do this?","እርግጠኛ ነዎት ይህን ማድረግ ይፈልጋሉ?"
"Are you sure you wish to INSTALL all selected packages?","እርግጠኛ ነዎት ሁሉንም የተመረጡ ጥቅሎች መጫን ይፈልጋሉ?"
"Are you sure you wish to UNINSTALL all selected packages?","እርግጠኛ ነዎት ሁሉንም የተመረጡ ጥቅሎች ማራገፍ ይፈልጋሉ?"
"Are you sure you wish to UPGRADE all selected packages?","እርግጠኛ ነዎት ሁሉንም የተመረጡ ጥቅሎች ማሻሻል ይፈልጋሉ?"
"Area","ስፋት"
"Assigned","ተመድቧል"
"Attribute Set Name:","የአይነታ ስብስብ ስም፦"
"Attribute set successfully saved.","የአይነታ ስብስብ በተሳካ ሁኔታ ተቀምጧል።"
"Attribute set was successfully removed.","የአይነታ ስብስብ በተሳካ ሁኔታ ተወግዷል።"
"Attributes","አይነታዎች"
"Available Products","የሚገኙ ምርቶች"
"Available Version","የሚገኙ ስሪቶች"
"Average Order Amount","አማካይ የታዘዘ መጠን"
"Average Orders","አማካይ ትእዛዞች"
"Back","ተመለስ"
"Back to Login","ወደ መግቢያ ተመለስ"
"Back to local packages","ወደ አካባቢያዊ ጥቅሎች ተመለስ"
"Backup","ምትኬ"
"Backup record was deleted","የምትኬ መዝገብ ተሰርዟል"
"Backup successfully created","ምትኬ በተሳካ ሁኔታ ተፈጥሯል"
"Backups","ምትኬዎች"
"Base currency","መነሻ ምንዛሪ"
"Bcc","ስውር ቂጂ"
"Bestsellers","ከፍተኛ ሻጮች"
"Big Image","ትልቅ ምስል"
"Billing Address","የመክፈያ አድራሻ"
"Billing address","የመክፈያ አድራሻ"
"Block Information","የጥቅል መረጃ"
"Both (without and with tax)","ሁለቱም (ቀረጥ ጨምሮ እና ሳይጨምር)"
"Browse Available Extensions","የሚገኙ ቅጥያዎችን አስስ"
"Browse Available Remote Extensions","የሚገኙ የሩቅ ቅጥያዎችን አስስ"
"Browse Files...","ፋይሎችን አስስ..."
"Bundle Items","እስር ንጥሎች"
"Bundle with dynamic pricing cannot include custom defined options. Options will not be saved.","ተለዋዋጭ የዋጋ አሰጣጥ ያለው እስር ብጁ የተገለጹ አማራጮችን አያካትም። አማራጮች አይቀመጡም።"
"CRITICAL","ወሳኝ"
"CSV","CSV"
"CSV / Tab separated","CSV / በTab የተለዩ"
"Cache Control","የመሸጎጫ መቆጣጠሪያ"
"Cache Control (beta)","የመሸጎጫ መቆጣጠሪያ (ግርድፍ ቅጂ)"
"Cache Management","መሸጎጫ ማቀናበር"
"Can not add new comment.","አዲስ አስተያየት ማከል አልተቻለም።"
"Can not add tracking number.","የመከታተያ ቁጥር ማከል አልተቻለም።"
"Can not delete tracking number.","የመከታተያ ቁጥር መሰረዝ አልተቻለም።"
"Can not do credit memo for order","ለትእዛዝ የክሬዲት ማስታወሻ መስራት አልተቻለም"
"Can not do invoice for order","ለትእዛዝ ደረሰኝ መስራት አልተቻለም"
"Can not do shipment for order.","ለትእዛዝ ማጓጓዣ መስራት አልተቻለም።"
"Can not initialize shipment for adding tracking number.","የመከታተያ ቁጥር ለማከል ማጓጓዣ ማስጀመር አልተቻለም።"
"Can not initialize shipment for delete tracking number.","የመከታተያ ቁጥር ለመሰረዝ ማጓጓዣ ማስጀመር አልተቻለም።"
"Can not load track with retrieving identifier.","መከታተያ ከማውጫ መለያ ጋር መጫን አልተቻለም።"
"Can not retrieve tracking number detail.","የመከታተያ ቁጥር ዝርዝር ማውጣት አልተቻለም።"
"Can not save credit memo","የክሬዲት ማስታወሻ ማስቀመጥ አልተቻለም"
"Can not save invoice","ደረሰኝ ማስቀመጥ አልተቻለም"
"Can not save shipment.","ማጓጓዣ ማስቀመጥ አልተቻለም።"
"Can not send shipment information.","የማጓጓዣ መረጃ መላክ አልተቻለም።"
"Can not update item qty","የንጥል ብዛት ማዘመን አልተቻለም"
"Can't delete design change","የንድፍ ለውጥን መሰረዝ አልተቻለም "
"Can't find email address.","የኢሜይል አድራሻ ማግኘት አልተቻለም።"
"Cancel","ይቅር"
"Card Verification Number","የካርድ ማረጋገጫ ቁጥር"
"Catalog","ካታሎግ"
"Catalog Rewrites","የካታሎግ ዳግም ጸኃፊዎች"
"Catalog Rewrites was refreshed successfully","የካታሎግ ዳግም ጽሁፎች በተሳካ ሁኔታ ታድሰዋል"
"Catalog Rewrites were refreshed successfully","የካታሎግ ዳግም ጽሁፎች በተሳካ ሁኔታ ታድሰዋል"
"CatalogInventory Stock Status rebuild error. Please try again later","የካታሎግ የዕቃ ዝርዝር ማከማቻ ሁኔታ ዳግም የመገንባት ስህተት። እባክዎ ቆይተው እንደገና ይሞከሩ"
"CatalogInventory Stock Status was rebuilt successfully","የካታሎግ የዕቃ ዝርዝር ማከማቻ ሁኔታ በተሳካ ሁኔታ ዳግም ተገንብቷል"
"Category","ምድብ"
"Category:","ምድብ፦"
"Changelog","የለወጥ ምዝግብ ማስታወሻ"
"Channel","ሰርጥ"
"Channel:","ሰርጥ፦"
"Checkbox","አመልካች ሳጥን"
"Choose Store View","የሱቅ እይታ ምረጥ"
"Choose an attribute","አይነታ ምረጥ"
"Clear","አጽዳ"
"Close","ዝጋ"
"Comment text field can not be empty.","የአስተያየት የጽሁፍ መስክ ባዶ መሆን አይችልም።"
"Comments History","የአስተያየቶች ታሪክ"
"Complete","አጠናቅ"
"Configuration","ውቅር"
"Configuration successfully saved","ውቅረት በተሳክ ሁኔታ ተቀምጧል"
"Confirmed email:","የተረጋገጠ ኢሜይል፦"
"Conflicts","ግጭቶች"
"Connect with the Magento Community","ከMagento ማህበረሰብ ጋር ይገናኙ"
"Contents","ይዘቶች"
"Convert to Plain Text","ወደ ስነጣ አልባ ጽሁፍ ቀይር"
"Cookie (Unsafe)","ኩኪ (ደህንነቱ ያልተጠበቀ)"
"Country","አገር"
"Country:","አገር፦"
"Coupon Code","የኩፖን ኮድ"
"Coupons","ኩፖኖች"
"Create","ፍጠር"
"Create DB Backup","የውሂብ ጎታ ምትኬ ፍጠር"
"Create Extension Package","የቅጥያ ጥቅል ፍጠር"
"Create New Attribute","አዲስ አይነታ ፍጠር"
"Create New Staging Store View","አዲስ የሱቅ እይታ አደረጃጀት ፍጠር"
"Create Urlrewrite:","የዩአርኤል ዳግም ጽሁፍ ፍጠር፦"
"Create a backup","ምትኬ ፍጠር"
"Created <strong>%s</strong> items","<strong>%s</strong> ንጥሎች ተፈጥረዋል"
"Created At","የተፈጠረው"
"Credit Card Number","የክሬዲት ካርድ ቁጥር"
"Credit Card Number: xxxx-%s","የክሬዲት ካርድ ቁጥር፦ xxxx-%s"
"Credit Card Type","የክሬዲት ካርድ አይነት"
"Credit Card Type: %s","የክሬዲት ካርድ አይነት፦ %s"
"Credit Memo #%s comment added","የክሬዲት ማስታወሻ #%s አስተያየት ታክሏል"
"Credit Memo #%s created","የክሬዲት ማስታወሻ #%s ተፈጥሯል"
"Credit Memo History","የክሬዲት ማስታወሻ ታሪክ"
"Credit Memo Totals","የክሬዲት ማስታወሻ ድምሮች"
"Credit Memo cancel error.","የክሬዲት ማስታወሻ መሰረዝ ስህተት።"
"Credit Memo total must be positive.","የክሬዲት ማስታወሻ ድምር አዎንታዊ መሆን አለበት።"
"Credit Memo void error","የክሬዲት ማስታወሻ እንዳይጸና የማድረግ ስህተት"
"Credit Memo was successfully canceled.","የክሬዲት ማስታወሻ በተሳካ ሁኔታ ተሰርዟል።"
"Credit Memo was successfully created","የክሬዲት ማስታወሻ በተሳካ ሁኔታ ተፈጥሯል"
"Credit Memo was successfully voided","የክሬዲት ማስታወሻ በተሳካ ሁኔታ እንዳይጸና ተደርጓል"
"Currency","ምንዛሪ"
"Currency Information","የምንዛሪ መረጃ"
"Currency Setup Section","የምንዛሪ የማቀናበር ክፍል"
"Current Configuration Scope:","የአሁኑ ውቅር ስፋት፦"
"Current Release Information","የአሁኑ የተለቀቀ መረጃ"
"Custom","ብጁ"
"Customer","ደንበኛ"
"Customer Group:","የደንበኛ ቡድን፦"
"Customer Name","የደንበኛ ስም"
"Customer Since:","ደንበኛ ከዚህ ጀምሮ፦"
"Customer was deleted","ደንበኛው ተሰርዟል"
"Customer was successfully saved","ደንበኛው በተሳካ ሁኔታ ተቀምጧል"
"Customer with the same email already exists.","ተመሳሳይ ኢሜይል አድራሻ ያለው ደንበኛ አስቀድሞ አለ።"
"Customers","ደንበኞች"
"DHTML Date/Time Selector","DHTML ቀን/ሰዓት መምረጫ"
"Dashboard","ዳሽቦርድ"
"Data Format","የውሂብ ቅርጸት"
"Data transfer:","ውሂብ ማስተላለፍ፦"
"Date","ቀን"
"Date & Time","ቀን እና ሰዓት"
"Date Added","ቀን ታክሏል"
"Date Updated","ቀን ዘምኗል"
"Date selection:","የቀን ምርጫ፦"
"Date selector","ቀን መምረጫ"
"Date:","ቀን፦"
"Day","ቀን"
"Decimal separator:","የአስርዮሽ መለያያ፦"
"Default (Admin) Values","ነባሪ (አስተዳዳሪ) እሴቶች"
"Default Config","ነባሪ ውቅር"
"Default Template from Locale","ነባሪ አብነት ከአካባቢው"
"Default Values","ነባሪ እሴቶች"
"Default display currency ""%s"" is not available in allowed currencies","ነባሪ የማሳያ ምንዛሪ «%s» በተፈቀዱ ምንዛሪዎች ውስጥ አይገኝም"
"Default scope","ነባሪ ስፋት"
"Delete","ሰርዝ"
"Delete %s","%s ሰርዝ"
"Delete %s '%s'","%s «%s» ሰርዝ"
"Delete Profile","መገለጫ ሰርዝ"
"Delete Role","ሚና ሰርዝ"
"Delete Store View","የሱቅ እይታ ሰርዝ"
"Delete Template","አብነት ሰርዝ"
"Delete User","ተጠቃሚ ሰርዝ"
"Delete Website","ድረ-ገጽ ሰርዝ"
"Dependencies","ጥገኝነቶች"
"Description","መግለጫ"
"Description:","መግለጫ፦"
"Design","ንድፍ"
"Design Section","የንድፍ ክፍል"
"Design change deleted","የንድፍ ለውጥ ተሰርዟል"
"Design change saved","የንድፍ ለውጥ ተቀምጧል"
"Developer Section","የገንቢ ክፍል"
"Direction:","አቅጣጫ፦"
"Disable","አሰናክል"
"Disabled","ተሰናክሏል"
"Discount Amount","የቅናሽ መጠን"
"Display %s first","በመጀመሪያ %s አሳይ"
"Display default currency","ነባሪ ምንዛሪ አሳይ"
"Distributed under GNU LGPL. See %s for details.","በGNU LGPL ስር የተሰራጨ።  ለዝርዝር መረጃ %s ይመልከቱ።"
"Do you really want to KILL parallel process and start new indexing process?","በርግጥ ትይዩ ሂደቶችን መግደል እና አዲስ የመረጃ መጠቆም ሂደት መጀመር ይፈልጋሉ።"
"Done By:","የተከናወነው፦"
"Done by:","የተከናወነው፦"
"Download Remote File","የሩቅ ፋይል አውርድ"
"Download and Install","አውርድ እና ጫን"
"Downloading and installing $pkg, please wait...","$pkg በማውረድ እና በመጫን ላይ፣ እባክዎ ይጠብቁ..."
"Drag to move","ለማንቀሳቀስ ይጎትቱ"
"Drop-down","ተቆልቋይ"
"Edit","አርትእ"
"Edit Email Template","የኢሜይል አብነት አርትእ"
"Edit Poll","ድምጽ አርትእ"
"Edit Role","ሚና አርትእ"
"Edit Store View","የሱቅ እይታ አርትእ"
"Edit System Template","የስርዓት አብነት አርትእ"
"Edit Tag","የተሰጠ መለያ አርትእ"
"Edit Template","አብነት አርትእ"
"Edit Urlrewrite","የዩአርኤል ዳግም ጽሁፍ አርትእ"
"Edit User","ተጠቃሚ አርትእ"
"Edit User '%s'","ተጠቃሚ አርትእ «%s»"
"Edit Website","የድር ጣቢያ አርትእ"
"Email","ኢሜይል"
"Email Address:","ኢሜይል አድራሻ፦"
"Email Preview","የኢሜይል ቅድመ እይታ"
"Email address is empty.","ኢሜይል አድራሻ ባዶ ነው።"
"Email to a Friend","ለጓደኛ ኢሜይል ይላኩ"
"Email:","ኢሜይል፦"
"Enable","አንቃ"
"Enabled","ነቅቷል"
"Enclose Values In:","እሴቶችን አያይዘህ በዚህ ላክ፦"
"Entity Type","የአካል አይነት"
"Entity type:","የአካል አይነት፦"
"Error uploading the file","ፋይሉን በመስቀል ላይ ስህተት"
"Error while cleared Image cache. Please try again later","የምስል ሽጉጥ በማጽዳት ላይ ስህተት። እባክዎ ቆይተው እንደገና ይሞክሩ።"
"Error while create backup. Please try again later","ምትኬ መፍጠር ላይ ስህተት። እባክዎ ቆይተው እንደገና ይሞክሩ።"
"Error while deleting this role. Please try again later.","ይህን ሚና በመሰረዝ ላይ ስህተት። እባክዎ ቆይተው እንደገና ይሞክሩ።"
"Error while deleting this set.","ይህን ስብስብ በመሰረዝ ላይ ስህተት።"
"Error while finished process. Please refresh cache","ሂደት ሲጨርስ ስህተት። እባክዎ መሸጎጫን ያድሱት"
"Error while refreshed Catalog Rewrites. Please try again later","የካታሎግ ዳግም ጽሁፍ ሲታደስ ስህተት። እባክዎ ቆይተው እንደገና ይሞክሩ"
"Error while refreshed Layered Navigation Indices. Please try again later","ተደራራቢ የአሰሳ መረጃ ጠቋሚዎችን በማደስ ላይ ስህተት። እባክዎ ቆይተው እንደገና ይሞክሩ"
"Error while saving account. Please check all required fields","መለያ በማስቀመጥ ላይ ስህተት። እባክዎ ሁሉንም የሚያስፈልጉ መስኮች ያረጋግጡ"
"Error while saving account. Please try again later","መለያ በማስቀመጥ ላይ ስህተት። እባክዎ ቆይተው እንደገና ይሞክሩ"
"Error while saving this configuration: ","ይህን ውቅረት በማስቀመጥ ላይ ስህተት፦"
"Error while saving this role. Please try again later.","ይህን ሚና በማስቀመጥ ላይ ስህተት። እባክዎ ቆይተው እንደገና ይሞክሩ።"
"Error while updating selected review(s). Please try again later.","የተመረጠ(ጡ) ግምገማ(ዎች)ን በማዘመን ላይ ስህተት። እባክዎ ቆይተው እንደገና ይሞክሩ።"
"Excl. Tax","ቀረጥ አታካት"
"Exclude","አታካት"
"Exclude (comma separated)","አታካት (በኮማ የተለየ)"
"Expiration Date","ጊዜው የሚያበቃበት ቀን"
"Expiration Date: %s/%s","ጊዜው የሚያበቃበት ቀን፦ %s/%s"
"Export","ወደ ውጪ ላክ"
"Export CSV","CSV ወደ ውጪ ላክ"
"Export Filters","ወደ ውጪ መላኪያ ማጣሪያዎች"
"Export to:","የሚላከው ወደ፦"
"Export:","ወደ ውጪ ላክ፦"
"Extension","ቅጥያ"
"Extension Name","የቅጥያ ስም"
"Extensions","ቅጥያዎች"
"FTP Host[:Port]","FTP አስተናጋጅ[:Port]"
"Failed to add a product to cart by id ""%s""","ምርት ወደ ጋሪ በመታወቂያ «%s» ለማከል አልተሳካም"
"Failed to load %1$s.xml or %1$s.ser","%1$s.xml ወይም %1$s.ser ለመጫን አልተሳካም"
"Field","መስክ"
"Field Mapping","የመስክ ማጓደኛ "
"File","ፋይል"
"File Information","የፋይል መረጃ"
"File name:","የፋይል ስም፦"
"File size should be more than 0 bytes","የፋይል መጠን ከ0 ባይቶች በላይ መሆን ይኖርበታል"
"Final Price","የመጨረሻ ዋጋ"
"Finished items creation.","ንጥሎችን መፍጠር ተጨርሷል።"
"Finished profile execution.","የመገለጫ መፈጸም ተጨርሷል።"
"First Name","የመጀመሪያ ስም"
"First Name:","የመጀመሪያ ስም፦"
"Firstname","የመጀመሪያ ስም"
"Fixed","ውሱን"
"Flat Catalog Category rebuild error","ዝርግ ካታሎግ ምድብ ዳግም የመገንባት ስህተት"
"Flat Catalog Category was rebuilt successfully","ዝርግ ካታሎግ ምድብ በተሳካ ሁኔታ ዳግም ተገንብቷል"
"Flat Catalog Product rebuild error. Please try again later","ዝርግ ካታሎግ ምርት ዳግም የመገንባት ስህተት። እባክዎ ቆይተው እንደገና ይሞከሩ"
"Flat Catalog Product was rebuilt successfully","ዝርግ ካታሎግ ምርት በተሳካ ሁኔታ ዳግም ተገንብቷል"
"For category","ለምድብ"
"For latest version visit: %s","በጣም ለቅርብ ጊዜው ስሪት ጉብኝት፦ %s"
"For product","ለምርት"
"Forgot your password?","የይለፍ ቃልዎን ረሱት?"
"Forgot your user name or password?","የተጠቃሚ ስምዎን ወይም የይለፍ ቃልዎን ረሱት?"
"From","ከ"
"Gb","ጊባ"
"General Information","አጠቃላይ መረጃ"
"General Section","አጠቃላይ ክፍል"
"Get Image Base64","ምስል Base64 አግኝ"
"Get help for this page","ስለዚህ ገጽ እገዛ ያግኙ"
"Global Attribute","ሁሉአቀፍ አይነታ"
"Global Record Search","ሁሉአቀፍ የመዝገብ ፍለጋ"
"Global Search","ሁሉአቀፍ ፍለጋ"
"Go Today","ዛሬ ይጀምሩ"
"Google Base","Google Base"
"Google Base Items","የGoogle Base ንጥሎች"
"Grand Total","ጠቅላላ ድምር"
"Grid (default) / List","ፍርግርግ (ነባሪ) / ዝርዝር"
"Grid only","ፍርግርግ ብቻ"
"Group:","ቡድን፦"
"Guest","እንግዳ"
"HTTP (unsecure)","HTTP (ደህንነቱ ያልተጠበቀ)"
"HTTPS (SSL)","HTTPS (SSL)"
"Help Us Keep Magento Healthy - Report All Bugs","የMagento ጤንነትን በመጠበቅ ያግዙን - ሁሉንም ሳንካዎች ሪፖርት ያድርጉ"
"Home","መነሻ"
"ID","መታወቂያ"
"ID Path","የመታወቂያ ዱካ"
"IP Address","አይፒ አድራሻ"
"Ignore","ተው"
"Image cache was cleared successfully","የምስል መሸጎጫ በተሳካ ሁኔታ ጽድቷል"
"Images","ምስሎች"
"Images (.gif, .jpg, .png)","ምስሎች (.gif፣ .jpg፣ .png)"
"Images Cache","የምስል መሸጎጫ"
"Import","አስመጣ"
"Import Service","አገልግሎት አስመጣ"
"Import/Export","ማስመጣት/መላክ"
"Import/Export Advanced","ማስመጣት/መላክ የላቀ"
"Import/Export Profile","የማስመጣት/መላክ መገለጫ"
"Imported <strong>%s</strong> records","<strong>%s</strong> ረድፎች መጥተዋል"
"In","በዚህ ውስጥ"
"In Database:","በዚህ የውሂብ ጎታ ውስጥ፦"
"In File:","በዚህ ፋይል ውስጥ፦"
"Inactive","ቦዝኗል"
"Incl. Tax","ቀረጥ ያካትታል"
"Include","አካት"
"Incoming Message","መጪ መልዕክቶች"
"Individual Item","ነጠለ ንጥል"
"Install","ጫን"
"Install Package File","የጥቅል ፋይል ጫን"
"Installed As","የተጫነው እንደ"
"Installed Extension Info","የተጫነ ቅጥያ መረጃ"
"Installed Version","የተጫነው ስሪት"
"Installing $pkg, please wait...","$pkg በመጫን ላይ፣ እባክዎ ይጠብቁ..."
"Installing selected packages, please wait...","የተመረጡ ጥቅሎችን በመጫን ላይ፣ እባክዎ ይጠብቁ..."
"Instant Payment Notification (IPN)","ፈጣን የክፍያ ማሳወቂያ (IPN)"
"Interactive","በይነተገናኝ"
"Interface Locale: %s","በይነገጽ አካባቢያዊ፦ %s"
"Invalid Form Key. Please refresh the page.","ልክ ያልሆነ የቅጽ ቁልፍ። እባክዎ ገጹን ያድሱት።"
"Invalid Import Service Specified","ልክ ያልሆነ ከውጪ የማስመጫ አገልግሎት ተጠቅሷል"
"Invalid POST data (please check post_max_size and upload_max_filesize settings in you php.ini file)","ልክ ያልሆነ POST ውሂብ (እባክዎ በphp.ini ፋይልዎ ውስጥ post_max_size እና upload_max_filesize ቅንብሮችን ያረጋግጡ)"
"Invalid Secret Key. Please refresh the page.","ልክ ያልሆነ የሚስጢር ቁልፍ። እባክዎ ገጹን ያድሱት።"
"Invalid URL","ልክ ያልሆነ ዩአርኤል"
"Invalid Username or Password.","ልክ ያልሆነ የተጠቃሚ ስም ወይም የይለፍ ቃል።"
"Invalid directory: %s","ልክ ያልሆነ ማውጫ፦ %s"
"Invalid file: %s","ልክ ያልሆነ ፋይል፦ %s"
"Invalid input data for %s => %s rate","ልክ ያልሆነ ውሂብ ለ%s => %s ተመን"
"Invalid input:","ልክ ያልሆነ ግቤት፦"
"Invalid parrent block for this block","ለዚህ ጥቅል ልክ ያልሆነ ወላጅ ጥቅል"
"Invalid section value","ልክ ያልሆነ የክፍል እሴት"
"Invalid store value","ልክ ያልሆነ የሱቅ እሴት"
"Invalid website value","ልክ ያልሆነ የድር ጣቢያ እሴት"
"Inventory Stock Status","የዕቃ ዝርዝር ክምችት ሁኔታ"
"Invoice #%s comment added","የደረሰኝ #%s አስተያየት ታክሏል"
"Invoice #%s created","የደረሰኝ #%s ተፈጥሯል"
"Invoice History","የደረሰኝ ታሪክ"
"Invoice Totals","የደረሰኝ ድምሮች"
"Invoice and shipment was successfully created.","ደረሰኝ እና ማጓጓዣ በተሳካ ሁኔታ ተፈጥሯል።"
"Invoice cancel error.","ደረሰኝ የመሰረዝ ስህተት።"
"Invoice capture error","ደረሰኝ የመያዝ ስህተት"
"Invoice void error","ደረሰኝ እንዳይጸና የማድረግ ስህተት"
"Invoice was successfully canceled.","ደረሰኝ በተሳካ ሁኔታ ተይዟል"
"Invoice was successfully captured","ደረሰኝ በተሳካ ሁኔታ ተይዟል።"
"Invoice was successfully created.","ደረሰኝ በተሳካ ሁኔታ ተፈጥሯል።"
"Invoice was successfully voided","ደረሰኝ በተሳካ ሁኔታ እንዳይጸና ተደርጓል"
"Issue Number","የእትም ቁጥር"
"Issuer: %s","ሰጪ፦ %s"
"Items","ንጥሎች"
"Items to merge","የሚዋሃዱ ንጥሎች"
"Kb","ኪባ"
"Last 24 hours","ያለፉት 24 ሰዓታት"
"Last 5 Orders","ያለፉት 5 ትእዛዞች"
"Last 5 Search Terms","ያለፉት 5 የፍለጋ ቃላት"
"Last 7 days","ያለፉት 7 ቀናት"
"Last Logged In (%s):","በመጨረሻ የተገባው (%s)፦"
"Last Logged In:","በመጨረሻ የተገባው፦"
"Last Month","ያለፈው ወር"
"Last Name","የአያት ስም"
"Last Name:","የአያት ስም፦"
"Lastname","የአያት ስም"
"Latest Message:","በጣም የቅርብ ጊዜ መልዕክት፦"
"Layered Navigation Indices","ተደራራቢ የአሰሳ መረጃ ጠቋሚዎች"
"Layered Navigation Indices was refreshed successfully","ተደራራቢ የአሰሳ መረጃ ጠቋሚዎች በተሳካ ሁኔታ ዘምነዋል"
"Layered Navigation Indices were refreshed successfully","ተደራራቢ የአሰሳ መረጃ ጠቋሚዎች በተሳካ ሁኔታ ዘምነዋል"
"Layered Navigation indexing queue cancelled","ተደራራቢ የአሰሳ መረጃ ጥቆማ ወረፋ ተሰርዟል"
"Layered Navigation indexing queued","ተደራራቢ የአሰሳ መረጃ ጥቆማ ወረፋ "
"Layered Navigation process queued to be killed","ተደራራቢ የአሰሳ ሂደት ለመገደል ወረፋ ይዟል"
"Leave empty to use tax identifier","የቀረጥ መለያን ለመጠቀም ባዶ ተው"
"Level","ደረጃ"
"License","ፍቃድ"
"License URI","የፍቃድ URI"
"License:","ፍቃድ፦"
"Lifetime Sales","የዕድሜ ልክ ሽያጮች"
"Links","አገናኞች"
"List (default) / Grid","ዝርዝር (ነባሪ) / ፍርግርግ"
"List only","ዝርዝር ብቻ"
"Load Template","አብነት ጫን"
"Load default template","ነባሪ አብነት ጫን"
"Load local Package","አካባቢያዊ ጥቅል ጫን"
"Loading...","በመጫን ላይ..."
"Local Server","አካባቢያዊ አገልጋይ"
"Local/Remote Server","አካባቢያዊ/ሩቅ አገልጋይ"
"Locale","የአካባቢ"
"Log Out","ዘግተህ ውጣ"
"Log in to Admin Panel","ወደ አስተዳዳሪ ፓነል ይግቡ"
"Log into Magento Admin Page","ወደ Magento አስተዳዳሪ ገጽ ይግቡ"
"Logged in as %s","እንደ %s ገብተዋል"
"Login","ይግቡ"
"MAJOR","አብይ"
"MINOR","ንዑስ"
"MS Excel XML","MS Excel XML"
"Magento Admin","Magento አስተዳዳሪ"
"Magento Commerce - Administrative Panel","Magento ንግድ - የመቆጣጠሪያ ፓነል"
"Magento Connect","Magento መገናኛ"
"Magento Connect Manager","Magento መገናኛ አቀናባሪ"
"Magento Logo","Magento አርማ"
"Magento is a trademark of Irubin Consulting Inc. DBA Varien. Copyright &copy; %s Irubin Consulting Inc.","Magento የIrubin Consulting Inc. DBA Varien የንግድ ምልክት ነው<br/>የቅጂ መብት &copy; %s Irubin Consulting Inc."
"Magento ver. %s","Magento ስሪት %s"
"Magento&trade; is a trademark of Irubin Consulting Inc. DBA Varien.<br/>Copyright &copy; %s Irubin Consulting Inc.","Magento&trade; የIrubin Consulting Inc. DBA Varien የንግድ ምልክት ነው<br/>የቅጂ መብት &copy; %s Irubin Consulting Inc."
"Maintainers","ጠባቂዎች"
"Manage Currency Rates","የቀረጥ ተመኖችን አቀናብር"
"Manage Customers","ቡድኖች አቀናብር"
"Manage Installed Extensions","የተጫኑ ቅጥያዎችን አቀናብር"
"Manage Ratings","የደረጃ አሰጣጦችን አቀናብር"
"Manage Stores","ሱቆችን አቀናብር"
"Manage osCommerce Orders","osCommerce ትእዛዞች አቀናብር"
"Manage osCommerce Profiles","osCommerce መገለጫዎች አቀናብር"
"Mapping Configuration","የማጓደን ውቅረት"
"Matched expression","ተዛማጅ መግለጫ"
"Max","ከፍተኛ"
"Maximum","ከፍተኛ"
"Mb","ሜባ"
"Media (.avi, .flv, .swf)","ሚዲያ (.avi፣ .flv፣ .swf)"
"Merge Now","አሁን አዋህድ"
"Messages Inbox","የመልዕክቶች ሳጥን"
"Min","ዝቅተኛ"
"Minimum","ዝቅተኛ"
"Module version conflict!","የሞዱል ስሪት ግጭት"
"Month","ወር"
"Most Viewed Products","በይበልጥ የታዩ ምርቶች"
"Multiple Select","በብዛት መምረጥ"
"My Account","የኔ መለያ"
"N/A","የለም"
"NOTICE","ማሳሰቢያ"
"Name","ስም"
"Name on Card","ካርድ ላይ ያለ ስም"
"Name on the Card: %s","ካርዱ ላይ ያለ ስም፦ %s"
"Name:","ስም፦"
"New Accounts","አዲስ መለያዎች"
"New Api Key","አዲስ Api ቁልፍ "
"New Customers","አዲስ ደንበኞች"
"New Email Template","አዲስ የኢሜይል አብነት"
"New Extension","አዲስ ቅጥያ"
"New Item Type","አዲስ የንጥል አይነት"
"New Password","አዲስ የይለፍ ቃል"
"New Profile","አዲስ መገለጫ"
"New Store View","አዲስ የሱቅ እይታ"
"New System Template","አዲስ የስርዓት አብነት"
"New Tag","አዲስ መለያ"
"New Template","አዲስ አብነት"
"New User","አዲስ ተጠቃሚ"
"New Website","አዲስ የድር ጣቢያ"
"New admin password","አዲስ የአስተዳዳሪ የይለፍ ቃል"
"Next month (hold for menu)","ቀጣይ ወር (ለምናሌ ተጭነው ይቆዩ)"
"Next page","ቀጣይ ገጽ"
"Next year (hold for menu)","ቀጣይ ዓመት (ለምናሌ ተጭነው ይቆዩ)"
"No","አይ"
"No (price without tax)","አይ (ዋጋ ቀረጥ ሳይጨምር)"
"No Data Found","ምንም ውሂብ አልተገኘም"
"No Extensions Found","ምንም ቅጥያዎች አልተገኙም"
"No Templates Found","ምንም አብነቶች አልተገኙም"
"No change","ለውጥ የለም"
"No profile","መገለጫ የለም"
"No profile loaded...","ምንም መገለጫ አልተጫነም..."
"No records found for this period.","ለዚህ ክፍለጊዜ ምንም መዝገቦች አልተገኙም።"
"No records found.","ምንም መዝገቦች አልተገኙም።"
"No search keywords.","ምንም የፍለጋ ቁልፍ ቃላት የሉም።"
"No search modules registered","ምንም የፍለጋ ሞዱሎች አልተመዘገቡም"
"None","ምንም"
"Note:","ማስታወሻ፦"
"Notes","ማስታወሻዎች"
"Notes:","ማስታወሻዎች፦"
"Number of Orders","የትእዛዞች ብዛት"
"Number of Use","ጥቅም ላይ የዋለበት ብዛት"
"Number of Uses","ጥቅም ላይ የዋለበት ብዛት"
"Number of records:","የመዝገቦች ብዛት፦"
"Old rate:","የቀድሞ ተመን፦"
"One of options row has error","አንዱ የአማራጮች ረድፍ ስህተት አለው"
"Only attributes with scope ""Global"", input type ""Dropdown"" and Use To Create Configurable Product ""Yes"" are available.","ሽፋን «ሁሉአቀፍ»፣ የግቤት አይነት «ተቆልቋይ» እና ሊዋቀር የሚችል ምርት ለመፍጠር የሚጠቅም «አዎ» ያላቸው አይነታዎች ብቻ ይገኛሉ።"
"Only mapped fields","የተጓደኑ መስኮች ብቻ"
"Optional","አማራጭ"
"Options","አማራጮች"
"Order #%s","ትእዛዝ #%s"
"Order #%s (%s)","ትእዛዝ #%s (%s)"
"Order Totals","አጠቃላይ ትእዛዝ "
"Order confirmation email not sent","የትእዛዝ ማረጋገጫ ኢሜይል አልተላከም"
"Order confirmation email sent","የትእዛዝ ማረጋገጫ ኢሜይል ተልኳል"
"Order not longer exist","ትእዛዝ ከእንግዲህ አይኖርም"
"Order not longer exist.","ትእዛዝ ከእንግዲህ አይኖርም።"
"Orders","ትእዛዞች"
"Original Magento attribute names in first row:","ኦሪጂናል የMagento አይነታ ስሞች በመጀመሪያው ረድፍ፦"
"PEAR Configuration was successfully saved","PEAR ውቅር በተሳካ ሁኔታ ተቀምጧል"
"PEAR Console","PEAR ኮንሶል"
"PEAR config","PEAR ውቅር"
"PHP Version","PHP ስሪት"
"Package","ጥቅል"
"Package %s data was successfully loaded","የጥቅል %s ውሂብ በተሳካ ሁኔታ ተጭኗል"
"Package Extensions","የጥቅል ቅጥያዎች"
"Package File Name","የጥቅል የፋይል ስም"
"Package Info","የጥቅል መረጃ"
"Package Information","የጥቅል መረጃ"
"Packages","ጥቅሎች"
"Page","ገጽ"
"Parent Product Thumbnail","የወላጅ ምርት ድንክዬ"
"Passive mode","የማይሰራ ሁነታ"
"Password","የይለፍ ቃል"
"Password Confirmation","የይለፍ ቃል ማረጋገጫ"
"Password:","የይለፍ ቃል፦"
"Path","ዱካ"
"Path:","ዱካ፦"
"PayPal Email","PayPal ኢሜይል"
"Payment Data Transfer (PDT)","የክፍያ ውሂብ ሽግግር (PDT)"
"Payment method must be specified","የማጓጓዣ ዘዴ መጠቀስ አለበት"
"Pending Tags","በመጠባበቅ ላይ የተሰጡ መለያዎች"
"Pending installation...","በመጠባበቅ ላይ ያለ ጭነት..."
"Per Item","በንጥል"
"Per Order","በትእዛዝ"
"Percent","መቶኛ"
"Performed At","የተፈጸመው በ"
"Period","ክፍለጊዜ"
"Permanent (301)","ቋሚ (301)"
"Permissions","ፍቃዶች"
"Personal Information","የግል መረጃ"
"Phone:","ስልክ፦"
"Please confirm site switching. All data that hasn't been saved will be lost.","እባክዎ ጣቢያ መቀያየርን ያረጋግጡ። ተቀመጦ የነበረ ውሂብ ሁሉ ይጠፋል። "
"Please enter 6 or more characters.","እባክዎ 6 ወይም ከዛ በላይ የሆኑ ቁምፊዎች ያስገቡ።"
"Please enter a number greater than 0 in this field.","እባክዎ በዚህ መስክ ውስጥ ከ0 በላይ የሆነ ቁጥር ያስገቡ።"
"Please enter a valid $ amount. For example $100.00.","እባከዎ ልክ የሆነ የ$ መጠን ያስገቡ። ለምሳሌ፦ $100.00።"
"Please enter a valid URL. For example http://www.example.com or www.example.com","እባክዎ ልክ የሆነ የዩአርኤል ያስገቡ። ለምሳሌ http://www.example.com ወይም www.example.com"
"Please enter a valid URL. http:// is required","እባክዎ ልክ የሆነ ዩአርኤል ያስገቡ። http:// ያስፈልጋል"
"Please enter a valid credit card number.","እባክዎ ልክ የሆነ የክሬዲት ካርድ ቁጥር ያስገቡ።"
"Please enter a valid date.","እባክዎ ልክ የሆነ ቀን ያስገቡ።"
"Please enter a valid email address. For example johndoe@domain.com.","እባከዎ ልክ የሆነ የኢሜይል አድራሻ ያስገቡ። ለምሳሌ፦ abebekebede@domain.com።"
"Please enter a valid number in this field.","እባክዎ በዚህ መስክ ውስጥ ልክ የሆነ ቁጥር ያስገቡ።"
"Please enter a valid phone number. For example (123) 456-7890 or 123-456-7890.","እባክዎ ልክ የሆነ የስልክ ቁጥር ያስገቡ። ለምሳሌ (123) 456-7890 ወይም 123-456-7890።"
"Please enter a valid social security number. For example 123-45-6789.","እባክዎ ልክ የሆነ የሶሻል ሴኩሪቲ ቁጥር ያስገቡ። ለምሳሌ 123-45-6789።"
"Please enter a valid value from list","እባክዎ ልክ የሆነ እሴት ከዝርዝሩ ውስጥ ያስገቡ"
"Please enter a valid value, ex: 10,20,30","እባክዎ ልክ የሆነ እሴት ያስገቡ፣ ለምሳሌ 10፣ 20፣ 30"
"Please enter a valid zip code.","እባክዎ ልክ የሆነ ዚፕኮድ ያስገቡ።"
"Please enter a valid zip code. For example 90602 or 90602-1234.","እባክዎ ልክ የሆነ የዚፕኮድ ያስገቡ። ለምሳሌ 90602 ወይም 90602-1234።"
"Please enter valid password.","እባክዎ ልክ የሆነ የይለፍ ቃል ያስገቡ።"
"Please fill in 'email' field.","እባክዎ «ኢሜይል» መስክን ይሙሉ።"
"Please make sure that all global admin search modules are installed and activated.","እባክዎ ሁሉም የሁሉአቀፍ የአስተዳዳሪ ፍለጋ ሞዱሎች መጫናቸውን እና መንቃታቸውን እርግጠኛ ይሁኑ።"
"Please make sure that your changes were saved before running the profile.","እባክዎ መገለጫውን ከማካሄድዎ በፊት ለውጦችዎ መቀመጣቸውን እርግጠኛ ይሁኑ።"
"Please make sure your passwords match.","እባክዎ የይለፍ ቃላትዎ ተዘማጅ መሆናቸውን እርግጠኛ ይሁኑ።"
"Please select State/Province.","እባክዎ ክልል/መስተዳድር ይምረጡ።"
"Please select a custmer","እባክዎ ደንበኛ ይምረጡ"
"Please select a store","እባክዎ ሱቅ ይምረጡ"
"Please select an option.","እባክዎ አንድ ምርጫ ይምረጡ።"
"Please select catalog searches","እባክዎ የካታሎግ ፍለጋዎችን ይምረጡ"
"Please select customer(s)","እባክዎ ደንበኛ(ዎች) ይምረጡ"
"Please select one of the above options.","እባክዎ ከላይ ካሉት ምርጫዎች አንዱን ይምረጡ።"
"Please select one of the options.","እባክዎ ከምርጫዎቹ አንዱን ይምረጡ።"
"Please select review(s)","እባክዎ ገምጋሚ(ዎች) ይምረጡ"
"Please select tag(s)","እባክዎ መለያ(ዎች) ይምረጡ"
"Please specify admin custom URL","እባክዎ የአስተዳዳሪ ብጁ ዩአርኤል ይጥቀሱ"
"Please specify at least start or end date.","እባክዎ ቢያንስ የመጀመሪያ ወይም የመጨረሻ ቀን ይምረጡ።"
"Please use in this field only ""a-z,0-9,_"".","እባክዎ በዚህ መስክ ውስጥ «a-z፣ 0-9፣ _» ብቻ ይጠቀሙ።"
"Please use letters only (a-z) in this field.","እባክዎ በዚህ መስክ ውስጥ (a-z) ያሉ ፊደላትን ብቻ ይጠቀሙ።"
"Please use numbers only in this field. please avoid spaces or other characters such as dots or commas.","እባክዎ በዚህ መስክ ውስጥ ቁጥሮችን ብቻ ይጠቀሙ። እባክዎ ባዶ ቦታዎችን ወይም ሌሎች እንደ ነቁጥ ወይም ኮማ ያሉ ቁምፊዎችን ያስወግዱ።"
"Please use only letters (a-z) or numbers (0-9) only in this field. No spaces or other characters are allowed.","እባክዎ በዚህ መስክ ውስጥ (a-z) ያሉ ፊደላትን ወይም (0-9) ያሉ ቁጥሮችን ብቻ ይጠቀሙ። ባዶ ቦታዎች ወይም ሌሎች ቁምፊዎች አይፈቀዱም።"
"Please use only letters (a-z) or numbers (0-9) or spaces and # only in this field.","እባክዎ በዚህ መስክ ውስጥ (a-z) ያሉ ፊደላትን ወይም (0-9) ያሉ ቁጥሮችን ወይም ባዶ ቦታዎችን እና # ብቻ ይጠቀሙ።"
"Please use this date format: dd/mm/yyyy. For example 17/03/2006 for the 17th of March, 2006.","እባክዎ ይህን የቀን ቅርጸት ይጠቀሙ፦ ቀቀ/ወወ/ዓዓዓዓ። ለምሳሌ 17/03/2006 ለ17 መጋቢት፣  2006።"
"Please wait, loading...","እባክዎ ይጠብቁ፣ በመጫን ላይ..."
"Please wait...","እባክዎ ይጠብቁ..."
"Please, add a few answers to this poll first","እባክዎ፣ ወደዚህ ድምጽ መሰብሰቢያ ጥቂት መልሶችን ያክሉ"
"Please, select a store view","እባክዎ፣ የሱቅ እይታ ይምረጡ"
"Please, select visible in stores to this poll first","እባክዎ፣ ለዚህ ድምጽ መሰብሰቢያ የሚታይን ይምረጡ"
"Poll Manager","የድምጽ መሰብሰቢያ አቀናባሪ"
"Poll was successfully deleted","የድምጽ መሰብሰቢያ በተሳካ ሁኔታ ተሰርዟል"
"Poll was successfully saved","የድምጽ መሰብሰቢያ በተሳካ ሁኔታ ተቀምጧል"
"Position of Watermark for %s","የድብዝዝ ምልክት አቀማመጥ ለ%s"
"Preferred state","የተመረጠ ክልል"
"Preparing to change $pkg, please wait...","$pkg ለመለወጥ በዝግጅት ላይ፣ እባክዎ ይጠብቁ..."
"Prev. month (hold for menu)","ቀዳሚው ወር (ለምናሌ ተጭነው ይቆዩ)"
"Prev. year (hold for menu)","ቀዳሚው ዓመት (ለምናሌ ተጭነው ይቆዩ)"
"Preview","ቅድመ እይታ"
"Preview Template","የቅድመ እይታ አብነት"
"Previous page","ቀዳሚ ገጽ"
"Price","ዋጋ"
"Price alert subscription was saved successfully","የዋጋ ማሳወቂያ ምዝገባ በተሳካ ሁኔታ ተቀምጧል"
"Price:","ዋጋ፦"
"Primary Billing Address","የመጀመሪያ የክፍያ አድራሻ"
"Processed <strong>%s%% %s/%d</strong> items","<strong>%s%% %s/%d</strong> ንጥሎች ተካሂደዋል"
"Processed <strong>%s%% %s/%d</strong> records","<strong>%s%% %s/%d</strong> መዝገቦች ተካሂደዋል"
"Product","ምርት"
"Product Thumbnail Itself","የምርት ድንክዬ ራሱ"
"Product:","ምርት፦"
"Products","ምርቶች"
"Profile Action","የመገለጫ ተግባር"
"Profile Actions XML","የመገለጫ ተግባራት XML"
"Profile Direction","የመገለጫ አቅጣጫ"
"Profile History","የመገለጫ ታሪክ"
"Profile Information","የመገለጫ መረጃ"
"Profile Name","የመገለጫ ስም"
"Profile Wizard","የመገለጫ አዋቂ"
"Profile was deleted","መገለጫ ተሰርዟል"
"Profile was successfully saved","መገለጫ በተሳካ ሁኔታ ተቀምጧል"
"Profiles","መገለጫዎች"
"Promo","አስተዋዋቂ"
"Promotions","የማስታወቂያ ስራዎች"
"Provided Files","የቀረቡ ፋይሎች"
"Qty","ብዛት"
"Quantity","ብዛት"
"Queue Refresh","የወረፋ እድሳት"
"Queued... Cancel","ወረፋ ይዟል... ይቅር"
"Radio Buttons","ራዲዮ አዝራሮች"
"Rates","ተመኖች"
"Rating was successfully deleted","ደረጃ በተሳካ ሁኔታ ተሰርዟል"
"Rating was successfully saved","ደረጃ በተሳካ ሁኔታ ተቀምጧል"
"Read details","ዝርዝሮቹን ያንብቡ"
"Rebuild","ዳግም ገንባ"
"Rebuild Flat Catalog Category","ዝርግ ካታሎግ ምድብ ዳግም ገንባ"
"Rebuild Flat Catalog Product","ዝርግ ካታሎግ ምርት ዳግም ገንባ"
"Recent Orders","የቅርብ ጊዜ ትእዛዞች"
"Recommended","የሚመከር"
"Recursive Dir","ራሱን የሚደጋግም ማውጫ"
"Redirect","አዛውር"
"Refresh","አድስ"
"Refresh Now*","አሁን አድስ*"
"Region/State","ክልል"
"Release","ልቀት"
"Release Info","የተለቀቀ መረጃ"
"Release Stability","የተለቀቀ ደልዳላነት"
"Release Version","የተለቀቀ ስሪት"
"Remote Extension Info","የሩቅ ቅጥያ መረጃ"
"Remote FTP","የሩቅ FTP"
"Remote URL:","የሩቅ ዩአርኤል፦"
"Remove","አስወግድ"
"Reports","ሪፖርቶች"
"Request Path","ዱካ ጠይቅ"
"Required","አስፈላጊ"
"Reset","ዳግም አስጀምር"
"Reset Filter","ማጣሪያ ዳግም አስጀምር"
"Resize","መጠን ለውጥ"
"Resource Access","የንብረት መዳረስ"
"Resources","ንብረቶች"
"Results","ውጤቶች"
"Retrieve Password","የይለፍ ቃል አውጣ"
"Return Html Version","የHtml ስሪት መልስ"
"Revenue","ገቢ"
"Role","ሚና"
"Role ID","የሚና መታወቂያ"
"Role Info","የሚና መረጃ"
"Role Information","የሚና መረጃ"
"Role Name","የሚና ስም"
"Role Resources","የሚና ንብረቶች"
"Role Users","የሚና ተጠቃሚዎች"
"Role successfully deleted.","ሚና በተሳካ ሁኔታ ተሰርዟል።"
"Role successfully saved.","ሚና በተሳካ ሁኔታ ተቀምጧል።"
"Roles","ሚናዎች"
"Roles Resources","የሚናዎች ንብረቶች"
"Rotate CCW","ኢሰአትዮሽ አሽከርክር"
"Rotate CW","ሰአትዮሽ አሽከርክር"
"Run","አሂድ"
"Run Profile","መገለጫ አሂድ"
"Run Profile In Popup","መገለጫ በብቅ ባይ ውስጥ አሂድ"
"Run Profile Inside This Window","መገለጫ በዚህ መስኮት ውስጥ አሂድ"
"Run in popup","በብቅ ባይ ውስጥ አሂድ"
"Running... Kill","በማሄድ ላይ... ግደል"
"Running:","በማሄድ ላይ፦"
"SKU","SKU"
"SKU:","SKU፦"
"SSL Error: Invalid or self-signed certificate","SSL ስህተት፦ ልክ ያልሆነ ወይም በራስ-የተፈረመ የምስክር ወረቀት"
"Sales Report","የሽያጮች ሪፖርት"
"Samples","ናሙናዎች"
"Save","አስቀምጥ"
"Save & Generate","አስቀምጥ እና አመንጭ"
"Save Account","መለያ አስቀምጥ"
"Save And Continue Edit","አስቀምጥ እና አርትኦት ቀጥል"
"Save As...","አስቀምጥ እንደ..."
"Save Config","ውቅር አስቀምጥ"
"Save Currency Rates","የምንዛሪ ተመኖችን አስቀምጥ"
"Save PEAR Config","PEAR ውቅር አስቀምጥ"
"Save Profile","መገለጫ አስቀምጥ"
"Save Role","ሚና አስቀምጥ"
"Save Template","አብነት አስቀምጥ"
"Save User","ተጠቃሚ አስቀምጥ"
"Save and Continue Editing","አስቀምጥ እና አርትኦት ቀጥል"
"Save cache settings","የመሸጎጫ ቅንብሮችን አስቀምጥ"
"Save data and Create Package","ውሂብ አስቀምጥ እና ጥቅል ፍጠር"
"Save package with custom package file name","ጥቅል ከነ ብጁ የጥቅል የፋይል ስም አስቀምጥ"
"Schedule Merge","ማዋሃድ መርሃ ግብር አስይዝ"
"Search","ፈልግ"
"Search Index","የፍለጋ መረጃ ጠቋሚ"
"Search Index rebuild error. Please try again later","የፍለጋ መረጃ ጠቋሚ ዳግም የመገንባት ስህተት። እባክዎ ቆይተው እንደገና ይሞከሩ"
"Search Index was rebuilt successfully","የፍለጋ መረጃ ጠቋሚ በተሳካ ሁኔታ ዳግም ተገንብቷል"
"Search Term","የፍለጋ ቃል"
"Search Terms","የፍለጋ ቃላት"
"Select","ምረጥ"
"Select All","ሁሉንም ምረጥ"
"Select Category","ምድብ ምረጥ"
"Select Date","ቀን ምረጥ"
"Select Range","ክልል ምረጥ"
"Select Visible","የሚታየውን ምረጥ"
"Select date","ቀን ምረጥ"
"Select website from map","ከካርታው ላይ የድር ጣቢያ ምረጥ"
"Select website to map","ለካርታው የድር ጣቢያ ምረጥ"
"Selected allow currency ""%s"" is not available in installed currencies","የተመረጠው የተፈቀደ ምንዛሪ «%s» በተጫኑ ምንዛሪዎች ውስጥ አይገኝም"
"Selected base currency is not available in installed currencies","የተመረጠው መስርት ማሳያ ምንዛሪ በተጫኑ ምንዛሪዎች ውስጥ አይገኝም"
"Selected default display currency is not available in allowed currencies","የተመረጠው ነባሪ ማሳያ ምንዛሪ በተፈቀዱ ምንዛሪዎች ውስጥ አይገኝም"
"Selected default display currency is not available in installed currencies","የተመረጠው ነባሪ ማሳያ ምንዛሪ በተጫኑ ምንዛሪዎች ውስጥ አይገኝም"
"Sender","ላኪ"
"Separate email","ኢሜይል ለያይ"
"Shipment #%s comment added","የማጓጓዣ #%s አስተያየት ታክሏል"
"Shipment #%s created","የማጓጓዣ #%s ተፈጥሯል"
"Shipment Comments","የማጓጓዣ አስተያየቶች"
"Shipment History","የማጓጓዣ ታሪክ"
"Shipment was successfully created.","ማጓጓዣ በተሳካ ሁኔታ ተፈጥሯል።"
"Shipment was successfully sent.","ማጓጓዣ በተሳካ ሁኔታ ተቀምጧል።"
"Shipping","ማጓጓዣ"
"Shipping Address","የማጓጓዣ አድራሻ"
"Shipping Price","የማጓጓዣ ዋጋ"
"Shipping address","የማጓጓዣ አድራሻ"
"Shipping address selection is not applicable","የማጓጓዣ አድርሻ ምርጫ ተግባራዊ አይደለም"
"Shipping method must be specified","የማጓጓዣ ዘዴ መጠቀስ አለበት"
"Shipping method selection is not applicable","የማጓጓዣ ዘዴ ምርጫ ተግባራዊ አይደለም"
"Shipping origin","የማጓጓዣ መነሻ"
"Shopping Cart from %s","የግዢ ጋሪ ከ%s"
"Show Report for","ሪፖርት አሳይ ለ"
"Show by","አሳይ በ"
"Show reviews","ግምገማዎች አሳይ"
"Sitemap Information","የጣቢያ ካርታ መረጃ"
"Size for %s","መጠን ለ%s"
"Skip category selection","የምድብ ምርጫ ዝለል"
"Some items in this order have different invoice and shipment types. You can create shipment only after the invoice is created.","በዚህ ትእዛዝ ውስጥ ያሉ አንዳንድ ንጥሎች የተለያዩ የደረሰኝ እና ማጓጓዣ አይነቶች ነው ያሏቸው። ደረሰኝ ከፈጠሩ በኋላ ብቻ ነው ማጓጓዣ መፍጠር የሚችሉት።"
"Some of the ordered items don't exist in the catalog anymore and will be removed if you try to edit the order.","አንዳንድ የታዘዙ ንጥሎች ከእንግዲህ በካታሎጉ ውስጥ አይታዩም እና ትእዛዙን ማርተእ ከሞከሩ የሚወገድ ይሆናል።"
"Sorry, this feature is coming soon...","ይቅርታ፣ ይህ ባህሪ በቅርብ የሚመጣ ነው..."
"Sort Order","ትእዛዝ ደርድር"
"Specific Countries","የተወሰኑ አገሮች"
"Spreadsheet Name:","የቀመር ሉህ ስም፦"
"Stability","ደልዳላነት"
"Staging Store: ","ሱቅ ማደራጀት፦"
"Staging Website: ","የድር ጣቢያ ማደራጀት፦"
"Start Date","የመጀመሪያ ቀን"
"Starting profile execution, please wait...","የመገለጫ አሰራር በመጀምር ላይ፣ እባክዎ ይጠብቁ.."
"State/Province:","ክልል/ዞን፦"
"Status","ሁኔታ"
"Status:","ሁኔታ፦"
"Stock Quantity:","የክምችት ብዛት፦"
"Stock notification was saved successfully","የክምችት ማሳወቂያ በተሳካ ሁኔታ ተቀምጧል"
"Store","ሱቅ"
"Store Email Addresses Section","የሱቅ ኢሜይል አድራሻዎች ክፍል"
"Store View","የሱቅ እይታ"
"Store:","ሱቅ፦"
"Store: ","ሱቅ፦"
"Subject","ርዕሰ ጉዳይ"
"Submit","አስገባ"
"Subpackage","ንዑስ ጥቅል"
"Subpackage can't be conflicting","ንዑስ ጥቅል ሊጋጭ አልቻለም"
"Subpackages","ንዑስ ጥቅሎች"
"Subtotal","ንዑስ ድምር"
"Subtotal Amount","የንዑስ ድምር መጠን"
"Summary","ማጠቃለያ"
"Summary:","ማጠቃለያ፦"
"Switch/Solo Only","Switch/Solo ብቻ"
"Switch/Solo card issue number: %s","Switch/Solo ካርድ የተሰጠበት ቁጥር፦ %s"
"Switch/Solo card start Date: %s/%s","Switch/Solo ካርድ የጀመረበት ቀን፦ %s/%s"
"Switch/Solo/Maestro(UK Domestic) Only","Switch/Solo/Maestro(ዩኬ የአገር ውስጥ) ብቻ"
"Switch/Solo/Maestro(UK Domestic) card issue number: %s","Switch/Solo/Maestro(ዩኬ የአገር ውስጥ) ካርድ የተሰጠበት ቁጥር፦ %s"
"Switch/Solo/Maestro(UK Domestic) card start Date: %s/%s","Switch/Solo/Maestro(ዩኬ የአገር ውስጥ) ካርድ የጀመረበት ቀን፦ %s/%s"
"System","ስርዓት"
"System Section","የስርዓት ክፍል"
"Tag was successfully deleted","መለያ በተሳካ ሁኔታ ተሰርዟል"
"Tag was successfully saved","መለያ በተሳካ ሁኔታ ተቀምጧል"
"Tags","መለያዎች"
"Target Path","የታለመ ዱካ"
"Tax","ቀረጥ"
"Tb","ቴባ"
"Template","አብነት"
"Template Content","የአብነት ይዘት"
"Template Information","የአብነት መረጃ"
"Template Name","የአብነት ስም"
"Template Subject","የአብነት ርዕሰ ጉዳይ"
"Template Type","የአብነት አይነት"
"Temporary (302)","ጊዜያዊ (302)"
"Text","ጽሁፍ"
"The archive can be uncompressed with <a href=""%s"">%s</a> on Windows systems","መዝገቡ በ<a href="%s">%s</a> Windows ስርዓቶች ላይ እምቁ ሊፈታ ይችላል"
"The information in this tab has been changed.","በዚህ ትር ላይ ያለ መረጃ ተለውጧል።"
"This account is","ይህ መለያ "
"This account is inactive.","ይህ መለያ የቦዘነ ነው።"
"This attribute set don't have attributes which we can use for configurable product","ይህ የአይነታ ስብስብ መዋቀር ለሚችል ምርት ሊጠቅሙ የሚችሉ አይነታዎች የሉትም"
"This attribute shares the same value in all the stores","ይህ አይነታ በሁሉም ሱቆች ተመሳሳይ እሴት አጋርቷል"
"This is a required field.","ይህ አስፈላጊ መስክ ነው።"
"This product is currently disabled","ይህ ምርት በአሁኑ ጊዜ ተሰናክሏል"
"This section is not allowed.","ይህ ክፍል አይፈቀደም።"
"This tab contains invalid data. Please solve the problem before saving.","ይህ ትር ልክ ያልሆነ ውሂብ ይዟል። እባከዎ ከማስቀመጥዎ በፊት ችግሩን ይፍቱ።"
"This user no longer exists","ይህ ተጠቃሚ ከእንግዲህ አይኖርም"
"Thumbnail","ድንክዬዎች"
"Time","ሰዓት"
"Time selection:","የሰዓት ምርጫ፦"
"Time:","ሰዓት፦"
"To","ለ"
"Toggle Editor","አርታኢ ቀይር"
"Tools","መሳሪያዎች"
"Top 5 Search Terms","ከፍተኛ 5 የፍለጋ ቃላት"
"Total","ጠቅላላ"
"Total %d records found","በጠቅላላው %d መዝገቦች ተገኝተዋል"
"Total Amount","ጠቅላላ መጠን"
"Total Invoiced","ጠቅላላ ደረሰኝ የተሰራላቸው"
"Total Order Amount","ጠቅላላ የታዘዘ መጠን"
"Total Refunded","ጠቅላላ ተመላሽ የተደረገ ገንዘብ"
"Total of %d record(s) were successfully deleted","በጠቅላላው %d መዝገብ(ቦች)  በተሳካ ሁኔታ ተሰርዟል(ዘዋል)"
"Total of %d record(s) were successfully updated","በጠቅላላው %d መዝገብ(ቦች)  በተሳካ ሁኔታ ዘምኗል(ነዋል)"
"Track order","ትእዛዝ ተከታተል "
"Track this shipment","ይህን መጓጓዝ ይከታተሉ"
"Tracking number %s for %s assigned","የመከታተያ ቁጥር %s ለ %s ተመድቧል"
"Tracking number can not be empty.","የመከታተያ መስክ ባዶ መሆን አይችልም።"
"Transactional Emails","የተዘዋዋሪ ኢሜይሎች"
"Type","አይነት"
"Type:","አይነት፦"
"Unable to find a poll to delete","የሚሰረዘውን ድምጽ ለማግኘት አልተቻለም"
"Unable to find a tag to delete","የሚሰረዘውን መለያ ለማግኘት አልተቻለም"
"Unable to find a user to delete","የሚሰረዘውን ተጠቃሚ ለማግኘት አልተቻለም"
"Unable to initialize import model","ከውጪ የማስመጫ ሞዴል ማስጀመር አልተቻለም"
"Unable to save Cron expression","Cron መግለጫ ማስቀመጥ አልተቻለም"
"Uninstall","አራግፍ"
"Uninstalling $pkg, please wait...","$pkg በማራገፍ ላይ፣ እባክዎ ይጠብቁ..."
"Uninstalling selected packages, please wait...","የተመረጡ ጥቅሎችን በማራገፍ ላይ፣ እባክዎ ይጠብቁ..."
"Unknown","የማይታወቅ"
"Unknown error","ያልታወቀ ስህተት"
"Unselect All","ሁሉንም አትምረጥ"
"Unselect Visible","የሚታየውን አትምረጥ"
"Update","አዘምን"
"Updated At","የዘመነው"
"Upgrade","አሻሽል"
"Upgrade All Available Packages","ያሉትን ሁሉንም ጥቅሎች አሻሽል"
"Upgrade all available packages","ያሉትን ሁሉንም ጥቅሎች አሻሽል"
"Upgrade all packages","ሁሉንም ጥቅሎች አሻሽል"
"Upgrading $pkg, please wait...","$pkg በማሻሻል ላይ፣ እባክዎ ይጠብቁ..."
"Upgrading all available packages, please wait...","የሚገኙ ጥቅሎችን በማሻሻል ላይ፣ እባክዎ ይጠብቁ..."
"Upgrading all packages, please wait...","ሁሉንም ጥቅሎችን በማሻሻል ላይ፣ እባክዎ ይጠብቁ..."
"Upgrading selected packages, please wait...","የተመረጡ ጥቅሎችን በማሻሻል ላይ፣ እባክዎ ይጠብቁ..."
"Upload File","ፋይል ስቀል"
"Upload Files","ፋይሎች ስቀል"
"Upload HTTP Error","HTTP ስህተት ስቀል"
"Upload I/O Error","የግ/ው ስህተት ስቀል"
"Upload Local File","አካባቢያዊ ውሂብ ስቀል"
"Upload Security Error","የደህንነት ስህተት ስቀል"
"Upload and Install","ስቀል እና ጫን"
"Upload import file","ለማስመጣት ፋይሉን ስቀል"
"Upload local file:","አካባቢያዊ ውሂብ ስቀል፦"
"Url Rewrite Management","ዩአርኤል ዳግም መጻፍ ቅንብር"
"Urlrewrite Information","የዩአርኤል ዳግም መጻፍ መረጃ"
"Use Config Settings","የማወቀሪያ ቅንብሮችን ተጠቀም"
"Use Default Value","ነባሪ እሴት ተጠቀም"
"Use default","ነባሪውን ተጠቀም"
"Use website","የድር ጣቢያ ተጠቀም"
"User","ተጠቃሚ"
"User Email","የተጠቃሚ ኢሜይል"
"User ID","የተጠቃሚ መታወቂያ"
"User Info","የተጠቃሚ መረጃ"
"User Information","የተጠቃሚ መረጃ"
"User Name","የተጠቃሚ ሰም "
"User Name:","የተጠቃሚ ስም፦"
"User Role","የተጠቃሚ ሚና"
"User Roles","የተጠቃሚ ሚናዎች"
"User Roles Information","የተጠቃሚ ሚናዎች መረጃ"
"User name","የተጠቃሚ ስም"
"User was successfully deleted","ተጠቃሚው በተሳካ ሁኔታ ተሰርዟል"
"User was successfully saved","ተጠቃሚው በተሳካ ሁኔታ ተቀምጧል"
"User with the same User Name or Email aleady exists","ተመሳሳይ የተጠቃሚ ስም ወይም ኢሜይል ያለው ተጠቃሚ አስቀድሞ አለ።"
"Users","ተጠቃሚዎች"
"Value","እሴት"
"Value Delimiter:","እሴት ገዳቢ፦"
"Version","ስሪት"
"Version:","ስሪት፦"
"View","አሳይ"
"View Actions XML","የተግባራት XML አሳይ"
"View Statistics for","ስታትስቲክስ አሳይ ለ"
"Visibility:","ታይነት፦"
"Warning! Empty value can cause problems with CSV format.","ማስጠንቀቂያ! ባዶ እሴት CSV ቅርጸት ላይ ችግር ሊያስከትል ይችላል።"
"Warning!rnThis action will remove this user from already assigned rolernAre you sure?","ማስጠንቀቂያ! ይህ ተግባር አስቀድሞ ከተመደበበት ሚና ይህን ተጠቃሚ ያስወግደዋል።"
"Warning!rnThis action will remove those users from already assigned rolesrnAre you sure?","ማስጠንቀቂያ! ይህ ተግባር አስቀድሞ ከተመደቡባቸው ሚናዎች እነዚህን ተጠቃሚዎች ያስወግዳቸዋል።"
"Warning: Please don't close window during importing/exporting data","ማስጠንቀቂያ! እባክዎ ውሂብ በማስመጣት/ወደ ውጪ በመላክ ጊዜ መስኮቱን አይዝጉ"
"Watermark File for %s","ድብዝዝ ፋይል ለ%s"
"We're in our typing table, coding away more features for Magento. Thank you for your patience.","በመጻፊያ ሰንጠረዣችን ላይ ነን፣ ለMagento ተጨማሪ ባህሪያትን እየሰራን። ስለ ትዕግስትዎ እናመሰግናለን።"
"Web Section","የድር ክፍል"
"Web Services","የድር አገልግሎቶች"
"Web services","የድር አገልግሎቶች"
"Website","የድር ጣቢያ"
"Website: ","የድር ጣቢያ፦"
"Websites","የድር ጣቢያዎች"
"Websites / Stores","የድር ጣቢያዎች / ሱቆች"
"What is this?","ይህ ምንድነው?"
"Wishlist Report","የምኞት ዝርዝር ሪፖርት"
"Wrong column format","የተሳሳተ የአምድ ቅርጸት"
"Wrong tab configuration","የተሳሳተ የትር ውቅረት"
"XML","XML"
"YTD","YTD"
"Year","ዓመት"
"Yes","አዎ"
"Yes (only price with tax)","አዎ (ዋጋ ቀረጥ ጨምሮ ብቻ)"
"You can not delete self assigned roles.","በራስ የተመደቡ ሚናዎችን መሰረዝ አይችሉም።"
"You cannot delete account of yourself","የራስዎን መለያ መሰረዝ አይችሉም"
"You have","ያለዎት"
"You have not enought permissions to login.","ለመግባት በቂ የሆኑ ፍቃዶች የሉዎትም።"
"You have not enought permissions to use this functionality.","ይህን ተግባር ለመጠቀም በቂ የሆኑ ፍቃዶች የሉዎትም።"
"You need specify carrier.","አጓጓዥ መጥቀስ ያስፈልግዎታል።"
"You need to specify order items","የትእዛዝ ንጥሎች መጥቀስ ያስፈልግዎታል"
"You successfully logged out.","በተሳካ ሁኔታ ዘግተው ወጥተዋል።"
"Your answers contain duplicates.","መልሶችዎ ድግግሞሽ አላቸው።"
"Your server PHP settings allow you to upload files not more than %s at a time. Please modify post_max_size (currently is %s) and upload_max_filesize (currently is %s) values in php.ini if you want to upload larger files.","የአገልጋይዎ PHP ቅንብሮች በአንድ ጊዜ ከ%s ያልበለጡ ፋይሎችን እንዲሰቅሉ ይፈቅዳል። የበለጠ ትልቅ የሆኑ ፋይሎችን ለመስቀል፣ እባክዎ በ php.ini ውስጥ post_max_size (በአሁኑ ጊዜ %s ነው) እና upload_max_filesize (በአሁኑ ጊዜ %s ነው) እሴቶችን ይቀይሩ።"
"Zip/Postal Code","ዚፕ/የፖስታ ኮድ"
"Zip/Postal Code:","ዚፕ/የፖስታ ኮድ፦"
"[ deleted ]","[ ተሰርዟል ]"
"[deleted]","[ተሰርዟል]"
"b","ባ"
"close","ዝጋ"
"critical","ወሳኝ"
"example: ""sitemap/"" or ""/"" for base path (path must be writeable)","ለምሳሌ፦ «sitemap/» ወይም «/» ለቤዝ ዱካ (ዱካ ሊጻፍበት የሚችል መሆን አለበት)"
"example: sitemap.xml","ለምሳሌ፦ sitemap.xml"
"from","ከ"
"images/logo.gif","images/logo.gif"
"items selected","የተመረጡ ንጥሎች"
"major","አብይ"
"md5sum","md5sum"
"minor","ንዑስ"
"notice","ማሳሰቢያ"
"of %s pages","ከ %s ገጾች"
"or","ወይም"
"per page","በገጽ"
"store(%s) scope","የሱቅ(%s) ስፋት"
"to","ለ"
"website(%s) scope","የድር ጣቢያ(%s) ስፋት"
"{{base_url}} is not recommended to use in a production environment to declare the Base Unsecure Url / Base Secure Url. It is highly recommended to change this value in your Magento <a href=""%s"">configuration</a>.","{{base_url}} በምርታማነት አካባቢ ውስጥ የቤዝ ደህንነቱ ያልተጠበቀ ዩአርኤል / በቤዝ ደህንነቱ የተጠበቀ ዩአርኤልን ለመግለጽ እንዲጠቀሙበት ይመከራል። ይህን እሴት በMagento <a href="%s">ውቅር</a> ውስጥ እንዲለውጡት በጥብቅ ይመከራል።"
